,Manufacturer Part no.,Description,DC Collector Current,Collector Emitter Voltage V(br)ceo
0,IKP20N60TXKSA1,"INFINEON - IGBT Single Transistor, General Purpose, 40 A, 2.05 V, 166 W, 600 V, TO-220, 3 Pins
			", 40A, 600V
1,HGTG20N60A4,"ON SEMICONDUCTOR - IGBT Single Transistor, 70 A, 2.7 V, 290 W, 600 V, TO-247, 3 Pins
			", 70A, 600V
2,IRG4PC40FDPBF,"INFINEON - IGBT Single Transistor, 49 A, 1.85 V, 160 W, 600 V, TO-247AC, 3 Pins
			", 49A, 600V
3,HGTG18N120BND,"ON SEMICONDUCTOR - IGBT Single Transistor, 54 A, 2.7 V, 390 W, 1.2 kV, TO-247, 3 Pins
			", 54A, 1.2kV
4,HGTG12N60C3D,"ON SEMICONDUCTOR - IGBT Single Transistor, 24 A, 1.8 V, 104 W, 600 V, TO-247, 3 Pins
			", 24A, 600V
5,FGH50N6S2D,"ON SEMICONDUCTOR - IGBT Single Transistor, 75 A, 2.7 V, 463 W, 600 V, TO-247, 3 Pins
			", 75A, 600V
6,HGTG30N60B3,"ON SEMICONDUCTOR - IGBT Single Transistor, 60 A, 1.45 V, 208 W, 600 V, TO-247, 3 Pins
			", 60A, 600V
7,FGAF40N60UFTU,"ON SEMICONDUCTOR - IGBT Single Transistor, General Purpose, 40 A, 600 V, 100 W, 600 V, TO-3PF, 3 Pins
			", 40A, 600V
8,IGW40T120FKSA1,"INFINEON - IGBT Single Transistor, 40 A, 2.3 V, 270 W, 1.2 kV, TO-247, 3 Pins
			", 40A, 1.2kV
9,HGTG30N60B3D..,"ON SEMICONDUCTOR - IGBT Single Transistor, 60 A, 1.9 V, 208 W, 600 V, TO-247, 3 Pins
			", 60A, 600V
10,IRGB20B60PD1PBF,"INFINEON - IGBT Single Transistor, 40 A, 2.35 V, 215 W, 600 V, TO-220AB, 3 Pins
			", 40A, 600V
11,IRG4BC20KDPBF,"INFINEON - IGBT Single Transistor, 16 A, 2.27 V, 60 W, 600 V, TO-220AB, 3 Pins
			", 16A, 600V
12,IKW40N65F5FKSA1,"INFINEON - IGBT Single Transistor, 40 A, 1.6 V, 255 W, 650 V, TO-247, 3 Pins
			", 40A, 650V
13,IKW40N65H5FKSA1,"INFINEON - IGBT Single Transistor, 40 A, 1.65 V, 255 W, 650 V, TO-247, 3 Pins
			", 40A, 650V
14,IRG4PC50FPBF,"INFINEON - IGBT Single Transistor, 70 A, 1.79 V, 200 W, 600 V, TO-247AC, 3 Pins
			", 70A, 600V
15,IRG4PC40SPBF,"INFINEON - IGBT Single Transistor, 60 A, 1.6 V, 160 W, 600 V, TO-247AC, 3 Pins
			", 60A, 600V
16,IRGB15B60KDPBF,"INFINEON - IGBT Single Transistor, 31 A, 600 V, 139 W, 600 V, TO-220AB, 3 Pins
			", 31A, 600V
17,IRG4PC30UPBF,"INFINEON - IGBT Single Transistor, 23 A, 2.52 V, 100 W, 600 V, TO-247AC, 3 Pins
			", 23A, 600V
18,HGTP7N60A4,"ON SEMICONDUCTOR - IGBT Single Transistor, 34 A, 2.7 V, 125 W, 600 V, TO-220AB, 3 Pins
			", 34A, 600V
19,IRG4PC50UDPBF,"INFINEON - IGBT Single Transistor, 55 A, 2 V, 200 W, 600 V, TO-247AC, 3 Pins
			", 55A, 600V
20,IRG4PH30KPBF,"INFINEON - IGBT Single Transistor, 20 A, 3.1 V, 100 W, 1.2 kV, TO-247AC, 3 Pins
			", 20A, 1.2kV
21,IXA12IF1200PB,"IXYS SEMICONDUCTOR - IGBT Single Transistor, 20 A, 2.1 V, 85 W, 1.2 kV, TO-220AB, 3 Pins
			", 20A, 1.2kV
22,IRG4PF50WPBF,"INFINEON - IGBT Single Transistor, 51 A, 2.7 V, 200 W, 900 V, TO-247AC, 3 Pins
			", 51A, 900V
23,IRG4BC30KDPBF,"INFINEON - IGBT Single Transistor, 28 A, 2.21 V, 100 W, 600 V, TO-220AB, 3 Pins
			", 28A, 600V
24,IKW25N120H3FKSA1,"INFINEON - IGBT Single Transistor, 25 A, 2.4 V, 326 W, 1.2 kV, TO-247, 3 Pins
			", 25A, 1.2kV
25,GT50J325,"TOSHIBA - IGBT Single Transistor, 50 A, 2.45 V, 240 W, 600 V, TO-3P, 3 Pins
			", 50A, 600V
26,RJH60F5DPQ-A0#T0,"RENESAS - IGBT Single Transistor, 80 A, 1.7 V, 260.4 W, 600 V, TO-247, 3 Pins
			", 80A, 600V
27,HGTG20N60A4D,"ON SEMICONDUCTOR - IGBT Single Transistor, 70 A, 2.7 V, 290 W, 600 V, TO-247, 3 Pins
			", 70A, 600V
28,IHW40N120R3FKSA1,"INFINEON - IGBT Single Transistor, 80 A, 1.55 V, 429 W, 1.2 kV, TO-247, 3 Pins
			", 80A, 1.2kV
29,IKW30N60TFKSA1,"INFINEON - IGBT Single Transistor, General Purpose, 60 A, 2.05 V, 187 W, 600 V, TO-247, 3 Pins
			", 60A, 600V
30,IRGP35B60PDPBF,"INFINEON - IGBT Single Transistor, 60 A, 2.15 V, 308 W, 600 V, TO-247AC, 3 Pins
			", 60A, 600V
31,IRG4BC40FPBF,"INFINEON - IGBT Single Transistor, 49 A, 1.85 V, 160 W, 600 V, TO-220AB, 3 Pins
			", 49A, 600V
32,IGW25T120FKSA1,"INFINEON - IGBT Single Transistor, 25 A, 2.2 V, 190 W, 1.2 kV, TO-247, 3 Pins
			", 25A, 1.2kV
33,IHW15N120E1XKSA1,"INFINEON - IGBT Single Transistor, 30 A, 1.5 V, 156 W, 1.2 kV, TO-247, 3 Pins
			", 30A, 1.2kV
34,STGP14NC60KD,"STMICROELECTRONICS - IGBT Single Transistor, 25 A, 2.5 V, 80 W, 600 V, TO-220, 3 Pins
			", 25A, 600V
35,IGP20N60H3,"INFINEON - IGBT Single Transistor, 20 A, 2.4 V, 170 W, 600 V, TO-220, 3 Pins
			", 20A, 600V
36,HGTG20N60B3D,"ON SEMICONDUCTOR - IGBT Single Transistor, 40 A, 1.8 V, 165 W, 600 V, TO-247, 3 Pins
			", 40A, 600V
37,IRG4PH40UDPBF,"INFINEON - IGBT Single Transistor, 41 A, 2.43 V, 160 W, 1.2 kV, TO-247AC, 3 Pins
			", 41A, 1.2kV
38,HGTG30N60A4,"ON SEMICONDUCTOR - IGBT Single Transistor, 75 A, 2.6 V, 463 W, 600 V, TO-247, 3 Pins
			", 75A, 600V
39,IRG4BC30UDPBF,"INFINEON - IGBT Single Transistor, 23 A, 2.52 V, 100 W, 600 V, TO-220AB, 3 Pins
			", 23A, 600V
40,IRG4PC40WPBF,"INFINEON - IGBT Single Transistor, 40 A, 2.5 V, 160 W, 600 V, TO-247AC, 3 Pins
			", 40A, 600V
41,IRGPS60B120KDP,"INFINEON - IGBT Single Transistor, 105 A, 2.75 V, 595 W, 1.2 kV, TO-247AA, 3 Pins
			", 105A, 1.2kV
42,FGA25N120ANTDTU,"ON SEMICONDUCTOR - IGBT Single Transistor, 50 A, 2.5 V, 312 W, 1.2 kV, TO-3P, 3 Pins
			", 50A, 1.2kV
43,IXA60IF1200NA,"IXYS SEMICONDUCTOR - IGBT Single Transistor, 88 A, 2.1 V, 290 W, 1.2 kV, SOT-227B, 4 Pins
			", 88A, 1.2kV
44,IRG4PC50WPBF,"INFINEON - IGBT Single Transistor, 55 A, 2.3 V, 200 W, 600 V, TO-247AC, 3 Pins
			", 55A, 600V
45,IGW50N65H5FKSA1,"INFINEON - IGBT Single Transistor, 50 A, 1.65 V, 305 W, 650 V, TO-247, 3 Pins
			", 50A, 650V
46,IRG4PC40UDPBF,"INFINEON - IGBT Single Transistor, 40 A, 2.4 V, 160 W, 600 V, TO-247AC, 3 Pins
			", 40A, 600V
47,IHW30N120R3FKSA1,"INFINEON - IGBT Single Transistor, 60 A, 1.55 V, 349 W, 1.2 kV, TO-247, 3 Pins
			", 60A, 1.2kV
48,IRGP4630DPBF,"INTERNATIONAL RECTIFIER - IGBT, SINGLE, 1.65V, 47A, TO-247AC
			", 47A, 600V
49,IRGP4063DPBF,"INTERNATIONAL RECTIFIER - SINGLE IGBT, 600V, 96A
			", 96A, 600V
50,IRGB4615DPBF,"INTERNATIONAL RECTIFIER - TRANSISTOR, BIPOLAR, N CHANNEL, 600V, TO-220AB
			", 23A, 600V
51,IRGP4640PBF,"INTERNATIONAL RECTIFIER - IGBT, SINGLE, 1.6V, 65A, TO-247AC
			", 65A, 600V
52,NGB8207BNT4G,"LITTELFUSE - IGBT Single Transistor, 20 A, 1.5 V, 165 W, 365 V, TO-263, 3 Pins
			", 20A, 365V
53,RJH60F4DPQ-A0#T0,"RENESAS - IGBT Single Transistor, 60 A, 1.7 V, 235.8 W, 600 V, TO-247, 3 Pins
			", 60A, 600V
54,IRGB4620DPBF,"INTERNATIONAL RECTIFIER - TRANSISTOR, BIPOLAR, N CHANNEL, 600V, TO-220AB
			", 32A, 600V
55,RGT00TS65DG11,"ROHM - IGBT Single Transistor, Field Stop Trench, 85 A, 1.65 V, 277 W, 650 V, TO-247N, 3 Pins
			", 85A, 650V
56,IRG4BC20FDPBF,"INFINEON - IGBT Single Transistor, 16 A, 1.66 V, 60 W, 600 V, TO-220AB, 3 Pins
			", 16A, 600V
57,IRGP4066DPBF,"INFINEON - IGBT Single Transistor, 75 A, 1.7 V, 454 W, 600 V, TO-247AC, 3 Pins
			", 75A, 600V
58,IKP15N65H5XKSA1,"INFINEON - IGBT Single Transistor, 15 A, 1.65 V, 105 W, 650 V, TO-220, 3 Pins
			", 15A, 650V
59,RGT16NS65DGTL,"ROHM - IGBT Single Transistor, Field Stop Trench, 16 A, 1.65 V, 94 W, 650 V, TO-263S, 3 Pins
			", 16A, 650V
60,RGT60TS65DGC11,"ROHM - IGBT Single Transistor, Field Stop Trench, 55 A, 1.65 V, 194 W, 650 V, TO-247N, 3 Pins
			", 55A, 650V
61,IRG4BC40W-SPBF,"INFINEON - IGBT Single Transistor, 40 A, 2.5 V, 160 W, 600 V, TO-263, 3 Pins
			", 40A, 600V
62,FGB40T65SPD-F085,"ON SEMICONDUCTOR - IGBT Single Transistor, N-Ch, 80 A, 2 V, 267 W, 650 V, TO-263AB, 3 Pins
			", 80A, 650V
63,IRG4BC30SPBF,"INFINEON - IGBT Single Transistor, 34 A, 1.6 V, 100 W, 600 V, TO-220AB, 3 Pins
			", 34A, 600V
64,RGT80TS65DGC11,"ROHM - IGBT Single Transistor, Field Stop Trench, 70 A, 1.65 V, 234 W, 650 V, TO-247N, 3 Pins
			", 70A, 650V
65,RGTH80TS65DGC11,"ROHM - IGBT Single Transistor, Field Stop Trench, 70 A, 1.6 V, 234 W, 650 V, TO-247N, 3 Pins
			", 70A, 650V
66,IKZ75N65ES5XKSA1,"INFINEON - IGBT Single Transistor, 80 A, 1.42 V, 395 W, 650 V, TO-247, 4 Pins
			", 80A, 650V
67,IRGP4640-EPBF,"INFINEON - IGBT Single Transistor, 65 A, 1.6 V, 250 W, 600 V, TO-247AD, 3 Pins
			", 65A, 600V
68,STGYA120M65DF2AG,"STMICROELECTRONICS - IGBT Single Transistor, 160 A, 1.65 V, 625 W, 650 V, MAX-247, 3 Pins
			", 160A, 650V
69,IKP40N65H5XKSA1,"INFINEON - IGBT Single Transistor, 40 A, 1.65 V, 255 W, 650 V, TO-220, 3 Pins
			", 40A, 650V
70,NGTB40N60L2WG,"ON SEMICONDUCTOR - IGBT Single Transistor, 80 A, 2 V, 417 W, 600 V, TO-247, 3 Pins
			", 80A, 600V
71,IGW50N60H3FKSA1,"INFINEON - IGBT Single Transistor, 50 A, 2.3 V, 333 W, 600 V, TO-247, 3 Pins
			", 50A, 600V
72,IGP40N65H5XKSA1,"INFINEON - IGBT Single Transistor, 40 A, 1.65 V, 255 W, 650 V, TO-220, 3 Pins
			", 40A, 650V
73,IGP30N65H5XKSA1,"INFINEON - IGBT Single Transistor, 55 A, 1.65 V, 188 W, 650 V, TO-220, 3 Pins
			", 55A, 650V
74,STGWA25S120DF3,"STMICROELECTRONICS - IGBT Single Transistor, 50 A, 1.6 V, 375 W, 1.2 kV, TO-247, 3 Pins
			", 50A, 1.2kV
75,FGH40T65SQD-F155,"ON SEMICONDUCTOR - IGBT Single Transistor, Field Stop Trench, 80 A, 1.6 V, 238 W, 650 V, TO-247, 3 Pins
			", 80A, 650V
76,RGTH00TS65DGC11,"ROHM - IGBT Single Transistor, Field Stop Trench, 85 A, 1.6 V, 277 W, 650 V, TO-247N, 3 Pins
			", 85A, 650V
77,IRGB4615DPBF,"INFINEON - IGBT Single Transistor, 23 A, 1.55 V, 99 W, 600 V, TO-220AB, 3 Pins
			", 23A, 600V
78,RGT8BM65DTL,"ROHM - IGBT Single Transistor, Field Stop Trench, 8 A, 1.65 V, 62 W, 650 V, TO-252, 3 Pins
			", 8A, 650V
79,TIG065E8-TL-H,"ON SEMICONDUCTOR - IGBT Single Transistor, 150 A, 4.2 V, 400 V, SOT-28FL, 8 Pins
			", 150A, 400V
80,STGWA40H65FB,"STMICROELECTRONICS - IGBT Single Transistor, 80 A, 1.6 V, 283 W, 650 V, TO-247, 3 Pins
			", 80A, 650V
81,AUIRGP4066D1-E,"INFINEON - IGBT Single Transistor, N-CH, 140 A, 1.7 V, 454 W, 600 V, TO-247AD, 3 Pins
			", 140A, 600V
82,IXGH30N60C3C1,"IXYS SEMICONDUCTOR - Silicon Carbide IGBT Single Transistor, 60 A, 3 V, 220 W, 600 V, TO-247, 3 Pins
			", 60A, 600V
83,IRG8P60N120KDPBF,"INFINEON - IGBT Single Transistor, N-CH, 100 A, 1.7 V, 420 W, 1.2 kV, TO-247AC, 3 Pins
			", 100A, 1.2kV
84,SGP07N120XKSA1,"INFINEON - IGBT Single Transistor, 16.5 A, 3.1 V, 125 W, 1.2 kV, TO-220, 3 Pins
			", 16.5A, 1.2kV
85,IKP20N60H3XKSA1,"INFINEON - IGBT Single Transistor, 40 A, 1.95 V, 170 W, 600 V, TO-220, 3 Pins
			", 40A, 600V
86,IHW20N65R5XKSA1,"INFINEON - IGBT Single Transistor, 40 A, 1.35 V, 150 W, 650 V, TO-247, 3 Pins
			", 40A, 650V
87,IRGB30B60KPBF,"INFINEON - IGBT Single Transistor, 78 A, 2.35 V, 370 W, 600 V, TO-220AB, 3 Pins
			", 78A, 600V
88,IRGP6630DPBF,"INFINEON - IGBT Single Transistor, 47 A, 1.65 V, 192 W, 600 V, TO-247AC, 3 Pins
			", 47A, 600V
89,IKP30N65H5XKSA1,"INFINEON - IGBT Single Transistor, 55 A, 1.65 V, 188 W, 650 V, TO-220, 3 Pins
			", 55A, 650V
90,FGH12040WD-F155,"ON SEMICONDUCTOR - IGBT Single Transistor, N Channel, 80 A, 2.3 V, 428 W, 1.2 kV, TO-247, 3 Pins
			", 80A, 1.2kV
91,IGW40N65F5FKSA1,"INFINEON - IGBT Single Transistor, 40 A, 1.6 V, 255 W, 650 V, TO-247, 3 Pins
			", 40A, 650V
92,IRG4BH20K-SPBF,"INFINEON - IGBT Single Transistor, 11 A, 3.17 V, 60 W, 1.2 kV, TO-263, 3 Pins
			", 11A, 1.2kV
93,RGTH40TS65GC11,"ROHM - IGBT Single Transistor, Field Stop Trench, 40 A, 1.6 V, 144 W, 650 V, TO-247N, 3 Pins
			", 40A, 650V
94,IRGP4640DPBF,"INFINEON - IGBT Single Transistor, 65 A, 1.6 V, 250 W, 600 V, TO-247AC, 3 Pins
			", 65A, 600V
95,RGS60TS65DHRC11,"ROHM - IGBT Single Transistor, 56 A, 1.65 V, 223 W, 650 V, TO-247N, 3 Pins
			", 56A, 650V
96,STGF10NC60KD,"STMICROELECTRONICS - IGBT Single Transistor, 9 A, 2.5 V, 25 W, 600 V, TO-220FP, 3 Pins
			", 9A, 600V
97,IRGP4640D-EPBF,"INFINEON - IGBT Single Transistor, 65 A, 1.6 V, 250 W, 600 V, TO-247AD, 3 Pins
			", 65A, 600V
98,IGB20N60H3ATMA1,"INFINEON - IGBT Single Transistor, 40 A, 1.95 V, 170 W, 600 V, TO-263, 3 Pins
			", 40A, 600V
99,NGTB20N120IHWG,"ON SEMICONDUCTOR - IGBT Single Transistor, 40 A, 2.2 V, 341 W, 1.2 kV, TO-247, 3 Pins
			", 40A, 1.2kV
100,IRGP4069-EPBF,"INFINEON - IGBT Single Transistor, 76 A, 1.6 V, 268 W, 600 V, TO-247AD, 3 Pins
			", 76A, 600V
101,IRGB4715DPBF,"INFINEON - IGBT Single Transistor, N-CH, 21 A, 1.7 V, 100 W, 650 V, TO-220AB, 3 Pins
			", 21A, 650V
102,NGTB30N120IHLWG,"ON SEMICONDUCTOR - IGBT Single Transistor, 60 A, 1.75 V, 260 W, 1.2 kV, TO-247, 3 Pins
			", 60A, 1.2kV
103,IGP50N60TXKSA1,"INFINEON - IGBT Single Transistor, 50 A, 2 V, 333 W, 600 V, TO-220, 3 Pins
			", 50A, 600V
104,STGP4M65DF2,"STMICROELECTRONICS - IGBT Single Transistor, 8 A, 1.6 V, 68 W, 650 V, TO-220, 3 Pins
			", 8A, 650V
105,IRG4PC40UD-EPBF,"INFINEON - IGBT Single Transistor, 40 A, 2.15 V, 160 W, 600 V, TO-247AC, 3 Pins
			", 40A, 600V
106,STGWA15M120DF3,"STMICROELECTRONICS - IGBT Single Transistor, 30 A, 1.85 V, 259 W, 1.2 kV, TO-247, 3 Pins
			", 30A, 1.2kV
107,FGA30T65SHD,"ON SEMICONDUCTOR - IGBT Single Transistor, Field Stop Trench, 60 A, 1.6 V, 238 W, 650 V, TO-3PN, 3 Pins
			", 60A, 650V
108,IGW100N60H3FKSA1,"INFINEON - IGBT Single Transistor, 140 A, 1.85 V, 714 W, 600 V, TO-247, 3 Pins
			", 140A, 600V
109,IGW40N60TPXKSA1,"INFINEON - IGBT Single Transistor, 67 A, 1.6 V, 246 W, 600 V, TO-247, 3 Pins
			", 67A, 600V
110,IKW50N65ES5XKSA1,"INFINEON - IGBT Single Transistor, 80 A, 1.35 V, 274 W, 650 V, TO-247, 3 Pins
			", 80A, 650V
111,IXGF32N170,"IXYS SEMICONDUCTOR - IGBT Single Transistor, 44 A, 3.5 V, 200 W, 1.7 kV, ISOPLUS i4-PAC, 3 Pins
			", 44A, 1.7kV
112,RGTH40TS65DGC11,"ROHM - IGBT Single Transistor, Field Stop Trench, 40 A, 1.6 V, 144 W, 650 V, TO-247N, 3 Pins
			", 40A, 650V
113,IHW20N135R3FKSA1,"INFINEON - IGBT Single Transistor, 40 A, 1.6 V, 310 W, 1.35 kV, TO-247, 3 Pins
			", 40A, 1.35kV
114,IGW40N120H3FKSA1,"INFINEON - IGBT Single Transistor, 40 A, 2.4 V, 483 W, 1.2 kV, TO-247, 3 Pins
			", 40A, 1.2kV
115,AUIRG4BC30USTRL,"INFINEON - IGBT Single Transistor, 23 A, 2.52 V, 100 W, 600 V, TO-263AB, 3 Pins
			", 23A, 600V
116,RGT50TS65DGC11,"ROHM - IGBT Single Transistor, Field Stop Trench, 48 A, 1.65 V, 174 W, 650 V, TO-247N, 3 Pins
			", 48A, 650V
117,STGWA30M65DF2,"STMICROELECTRONICS - IGBT Single Transistor, 60 A, 1.55 V, 258 W, 650 V, TO-247, 3 Pins
			", 60A, 650V
118,SGD02N120BUMA1,"INFINEON - IGBT Single Transistor, 6.2 A, 3.1 V, 62 W, 1.2 kV, TO-252, 3 Pins
			", 6.2A, 1.2kV
119,IKW40N65WR5XKSA1,"INFINEON - IGBT Single Transistor, 80 A, 1.4 V, 230 W, 650 V, TO-247, 3 Pins
			", 80A, 650V
120,RGTH80TS65GC11,"ROHM - IGBT Single Transistor, Field Stop Trench, 70 A, 1.6 V, 234 W, 650 V, TO-247N, 3 Pins
			", 70A, 650V
121,IKZ50N65ES5XKSA1,"INFINEON - IGBT Single Transistor, 80 A, 1.35 V, 274 W, 650 V, TO-247, 4 Pins
			", 80A, 650V
122,IRGP4630D-EPBF,"INFINEON - IGBT Single Transistor, 47 A, 1.65 V, 206 W, 600 V, TO-247AD, 3 Pins
			", 47A, 600V
123,STGWT20HP65FB,"STMICROELECTRONICS - IGBT Single Transistor, 40 A, 1.55 V, 168 W, 650 V, TO-247, 3 Pins
			", 40A, 650V
124,NGTG35N65FL2WG,"ON SEMICONDUCTOR - IGBT Single Transistor, UPS & Solar Application, 70 A, 1.7 V, 300 W, 650 V, TO-247, 3 Pins
			", 70A, 650V
125,IRGP4760PBF,"INFINEON - IGBT Single Transistor, N-CH, 90 A, 1.7 V, 325 W, 650 V, TO-247AC, 3 Pins
			", 90A, 650V
126,NGTB40N60FL2WG,"ON SEMICONDUCTOR - IGBT Single Transistor, 80 A, 1.7 V, 366 W, 600 V, TO-247, 3 Pins
			", 80A, 600V
127,STGD3HF60HDT4,"STMICROELECTRONICS - IGBT Single Transistor, 7.5 A, 2.45 V, 38 W, 600 V, TO-252, 3 Pins
			", 7.5A, 600V
128,RGTH00TS65GC11,"ROHM - IGBT Single Transistor, Field Stop Trench, 85 A, 1.6 V, 277 W, 650 V, TO-247N, 3 Pins
			", 85A, 650V
129,NGTB30N60SWG,"ON SEMICONDUCTOR - IGBT Single Transistor, 60 A, 1.9 V, 189 W, 600 V, TO-247, 3 Pins
			", 60A, 600V
130,NGTB30N60L2WG,"ON SEMICONDUCTOR - IGBT Single Transistor, 30 A, 1.4 V, 225 mW, 600 V, TO-247, 3 Pins
			", 30A, 600V
131,FGH40N60UFTU,"ON SEMICONDUCTOR - IGBT Single Transistor, 80 A, 1.8 V, 290 W, 600 V, TO-247AB, 3 Pins
			", 80A, 600V
132,NGTB25N120FL3WG,"ON SEMICONDUCTOR - IGBT Single Transistor, 100 A, 1.7 V, 349 W, 1.2 kV, TO-247, 3 Pins
			", 100A, 1.2kV
133,STGW60H65DFB-4,"STMICROELECTRONICS - IGBT Single Transistor, 80 A, 1.6 V, 375 W, 650 V, TO-247, 4 Pins
			", 80A, 650V
134,NGTB50N120FL2WG,"ON SEMICONDUCTOR - IGBT Single Transistor, 100 A, 2.2 V, 535 W, 1.2 kV, TO-247, 3 Pins
			", 100A, 1.2kV
135,IKW15T120FKSA1,"INFINEON - IGBT Single Transistor, 30 A, 1.7 V, 110 W, 1.2 kV, TO-247, 3 Pins
			", 30A, 1.2kV
136,NGTB75N60SWG,"ON SEMICONDUCTOR - IGBT Single Transistor, 100 A, 1.7 V, 595 W, 600 V, TO-247, 3 Pins
			", 100A, 600V
137,IKZ50N65EH5XKSA1,"INFINEON - IGBT Single Transistor, 85 A, 1.65 V, 273 W, 650 V, TO-247, 4 Pins
			", 85A, 650V
138,IKW08T120FKSA1,"INFINEON - IGBT Single Transistor, General Purpose, 16 A, 2.2 V, 70 W, 1.2 kV, TO-247, 3 Pins
			", 16A, 1.2kV
139,STGWA30H65FB,"STMICROELECTRONICS - IGBT Single Transistor, 60 A, 1.75 V, 260 W, 650 V, TO-247, 3 Pins
			", 60A, 650V
140,IXYH40N65C3H1,"IXYS SEMICONDUCTOR - IGBT Single Transistor, 40 A, 2.35 V, 300 W, 650 V, TO-247, 3 Pins
			", 40A, 650V
141,STGW25S120DF3,"STMICROELECTRONICS - IGBT Single Transistor, 50 A, 1.6 V, 375 W, 1.2 kV, TO-247, 3 Pins
			", 50A, 1.2kV
142,IGW30N65L5XKSA1,"INFINEON - IGBT Single Transistor, 85 A, 1.05 V, 227 W, 650 V, TO-247, 3 Pins
			", 85A, 650V
143,IRG4IBC20KDPBF,"INFINEON - IGBT Single Transistor, N-CH, 11.5 A, 3.01 V, 34 W, 600 V, TO-220FP, 3 Pins
			", 11.5A, 600V
144,IXGH24N170,"IXYS SEMICONDUCTOR - IGBT Single Transistor, 50 A, 2.5 V, 250 W, 1.7 kV, TO-247, 3 Pins
			", 50A, 1.7kV
145,RGPR20NS43HRTL,"ROHM - IGBT Single Transistor, 20 A, 1.6 V, 107 W, 460 V, TO-263, 3 Pins
			", 20A, 460V
146,IRGS4B60KD1PBF.,"INFINEON - SINGLE IGBT, 600V, 11A
			", 11A, 600V
147,IXYH20N120C3D1,"IXYS SEMICONDUCTOR - IGBT Single Transistor, 36 A, 4 V, 230 W, 1.2 kV, TO-247AD, 3 Pins
			", 36A, 1.2kV
148,NGTG20N60L2TF1G,"ON SEMICONDUCTOR - IGBT Single Transistor, 40 A, 1.45 V, 64 W, 600 V, TO-3PF, 3 Pins
			", 40A, 600V
149,HGTG30N60C3D,"ON SEMICONDUCTOR - IGBT Single Transistor, 63 A, 1.8 V, 208 W, 600 V, TO-247, 3 Pins
			", 63A, 600V
150,NGTG50N60FWG,"ON SEMICONDUCTOR - IGBT Single Transistor, 100 A, 1.45 V, 223 W, 600 V, TO-247, 3 Pins
			", 100A, 600V
151,IGB30N60H3ATMA1,"INFINEON - IGBT Single Transistor, 60 A, 1.95 V, 187 W, 600 V, TO-263, 3 Pins
			", 60A, 600V
152,NGTB25N120SWG,"ON SEMICONDUCTOR - IGBT Single Transistor, 50 A, 2 V, 385 W, 1.2 kV, TO-247, 3 Pins
			", 50A, 1.2kV
153,IGW30N60H3FKSA1,"INFINEON - IGBT Single Transistor, 60 A, 1.95 V, 187 W, 600 V, TO-247, 3 Pins
			", 60A, 600V
154,STGWA25M120DF3,"STMICROELECTRONICS - IGBT Single Transistor, 50 A, 1.85 V, 375 W, 1.2 kV, TO-247, 3 Pins
			", 50A, 1.2kV
155,IRG4PH20KPBF,"INFINEON - IGBT Single Transistor, 11 A, 3.17 V, 60 W, 1.2 kV, TO-247AC, 3 Pins
			", 11A, 1.2kV
156,STGP10M65DF2,"STMICROELECTRONICS - IGBT Single Transistor, 20 A, 1.55 V, 115 W, 650 V, TO-220, 3 Pins
			", 20A, 650V
157,RGTH60TS65DGC11,"ROHM - IGBT Single Transistor, Field Stop Trench, 58 A, 1.6 V, 194 W, 650 V, TO-247N, 3 Pins
			", 58A, 650V
158,IRG4PC40FPBF,"INFINEON - IGBT Single Transistor, 49 A, 1.85 V, 160 W, 600 V, TO-247AC, 3 Pins
			", 49A, 600V
159,IRGP4620D-EPBF,"INFINEON - IGBT Single Transistor, 32 A, 1.55 V, 140 W, 600 V, TO-247AD, 3 Pins
			", 32A, 600V
160,STGF3NC120HD,"STMICROELECTRONICS - IGBT Single Transistor, 6 A, 2.8 V, 25 W, 1.2 kV, TO-220FP, 3 Pins
			", 6A, 1.2kV
161,IXA33IF1200HB,"IXYS SEMICONDUCTOR - IGBT Single Transistor, 58 A, 2.1 V, 250 W, 1.2 kV, TO-247AD, 3 Pins
			", 58A, 1.2kV
162,IKD10N60RATMA1,"INFINEON - IGBT Single Transistor, 20 A, 1.65 V, 150 W, 600 V, TO-252, 3 Pins
			", 20A, 600V
163,IHW30N65R5XKSA1,"INFINEON - IGBT Single Transistor, 60 A, 1.35 V, 176 W, 650 V, TO-247, 3 Pins
			", 60A, 650V
164,IRG4BC40W-LPBF,"INFINEON - IGBT Single Transistor, N-CH, 40 A, 2.36 V, 160 W, 600 V, TO-262, 3 Pins
			", 40A, 600V
165,IRG4PC30KDPBF,"INFINEON - IGBT Single Transistor, 28 A, 2.7 V, 100 W, 600 V, TO-247AC, 3 Pins
			", 28A, 600V
166,RGPR30NS40HRTL,"ROHM - IGBT Single Transistor, 30 A, 1.6 V, 125 W, 430 V, TO-263, 3 Pins
			", 30A, 430V
167,STGF10NB60SD,"STMICROELECTRONICS - IGBT Single Transistor, 20 A, 1.8 V, 25 W, 600 V, TO-220FP, 3 Pins
			", 20A, 600V
168,IKW40N65ES5XKSA1,"INFINEON - IGBT Single Transistor, 79 A, 1.35 V, 230 W, 650 V, TO-247, 3 Pins
			", 79A, 650V
169,AUIRGP35B60PD,"INFINEON - IGBT Single Transistor, 60 A, 1.85 V, 308 W, 600 V, TO-247AC, 3 Pins
			", 60A, 600V
170,NGTB15N120FL2WG,"ON SEMICONDUCTOR - IGBT Single Transistor, 30 A, 2 V, 294 W, 1.2 kV, TO-247, 3 Pins
			", 30A, 1.2kV
171,IGW15N120H3FKSA1,"INFINEON - IGBT Single Transistor, 30 A, 2.05 V, 217 W, 1.2 kV, TO-247, 3 Pins
			", 30A, 1.2kV
172,RGTH60TS65GC11,"ROHM - IGBT Single Transistor, Field Stop Trench, 58 A, 1.6 V, 194 W, 650 V, TO-247N, 3 Pins
			", 58A, 650V
173,IRG4PC30UDPBF,"INFINEON - IGBT Single Transistor, 23 A, 2.52 V, 100 W, 600 V, TO-247AC, 3 Pins
			", 23A, 600V
174,IGZ100N65H5XKSA1,"INFINEON - IGBT Single Transistor, 161 A, 1.65 V, 536 W, 650 V, TO-247, 4 Pins
			", 161A, 650V
175,STGB20NB41LZT4,"STMICROELECTRONICS - IGBT Single Transistor, 40 A, 1.3 V, 200 W, 412 V, TO-263, 3 Pins
			", 40A, 412V
176,IXGH40N120B2D1,"IXYS SEMICONDUCTOR - IGBT Single Transistor, 75 A, 2.9 V, 380 W, 1.2 kV, TO-247, 3 Pins
			", 75A, 1.2kV
177,RGTH50TS65DGC11,"ROHM - IGBT Single Transistor, Field Stop Trench, 50 A, 1.6 V, 174 W, 650 V, TO-247N, 3 Pins
			", 50A, 650V
178,STGP6NC60HD,"STMICROELECTRONICS - IGBT Single Transistor, 15 A, 2.5 V, 56 W, 600 V, TO-220, 3 Pins
			", 15A, 600V
179,NGTG30N60FWG,"ON SEMICONDUCTOR - IGBT Single Transistor, 60 A, 1.45 V, 167 W, 600 V, TO-247, 3 Pins
			", 60A, 600V
180,IRGB4059DPBF.,"INFINEON - SINGLE IGBT, 600V
			", 8A, 600V
181,IRGP4740DPBF,"INFINEON - IGBT Single Transistor, 60 A, 1.7 V, 250 W, 650 V, TO-247AC, 3 Pins
			", 60A, 650V
182,IKZ75N65NH5XKSA1,"INFINEON - IGBT Single Transistor, 90 A, 1.65 V, 395 W, 650 V, TO-247, 3 Pins
			", 90A, 650V
183,NGTB30N120IHRWG,"ON SEMICONDUCTOR - IGBT Single Transistor, 60 A, 2.2 V, 384 W, 1.2 kV, TO-247, 3 Pins
			", 60A, 1.2kV
184,RGT30NS65DGTL,"ROHM - IGBT Single Transistor, Field Stop Trench, 30 A, 1.65 V, 133 W, 650 V, TO-263S, 3 Pins
			", 30A, 650V
185,FGH75T65SHDTL4,"ON SEMICONDUCTOR - IGBT Single Transistor, Field Stop Trench, 150 A, 1.6 V, 455 W, 650 V, TO-247, 4 Pins
			", 150A, 650V
186,IRGS4630DPBF,"INFINEON - IGBT Single Transistor, 47 A, 1.65 V, 206 W, 600 V, TO-263AB, 3 Pins
			", 47A, 600V
187,IKW40T120FKSA1,"INFINEON - IGBT Single Transistor, General Purpose, 75 A, 2.3 V, 270 W, 1.2 kV, TO-247, 3 Pins
			", 75A, 1.2kV
188,IRG4BC40UPBF,"INFINEON - IGBT Single Transistor, 40 A, 2.4 V, 160 W, 600 V, TO-220AB, 3 Pins
			", 40A, 600V
189,IRG4BC30FD-SPBF,"INFINEON - IGBT Single Transistor, 31 A, 1.8 V, 100 W, 600 V, TO-263, 3 Pins
			", 31A, 600V
190,IHW30N110R3FKSA1,"INFINEON - IGBT Single Transistor, 60 A, 1.55 V, 333 W, 1.1 kV, TO-247, 3 Pins
			", 60A, 1.1kV
191,NGTB60N60SWG,"ON SEMICONDUCTOR - IGBT Single Transistor, 120 A, 2 V, 298 W, 600 V, TO-247, 3 Pins
			", 120A, 600V
192,IRG4PC50KDPBF,"INFINEON - IGBT Single Transistor, 52 A, 1.84 V, 104 W, 600 V, TO-247AC, 3 Pins
			", 52A, 600V
193,IRG4PH50UPBF,"INFINEON - IGBT Single Transistor, 45 A, 3.2 V, 200 W, 1.2 kV, TO-247AC, 3 Pins
			", 45A, 1.2kV
194,IHW20N120R5XKSA1,"INFINEON - IGBT Single Transistor, 40 A, 1.55 V, 288 W, 1.2 kV, TO-247, 3 Pins
			", 40A, 1.2kV
195,FGH75N60UFTU,"ON SEMICONDUCTOR - IGBT Single Transistor, General Purpose, 150 A, 600 V, 452 W, 600 V, TO-247AB, 3 Pins
			", 150A, 600V
196,IRGP4063DPBF,"INFINEON - IGBT Single Transistor, 96 A, 2.14 V, 330 W, 600 V, TO-247AC, 3 Pins
			", 96A, 600V
197,IHW20N135R5XKSA1,"INFINEON - IGBT Single Transistor, 40 A, 1.65 V, 288 W, 1.35 kV, TO-247, 3 Pins
			", 40A, 1.35kV
198,IRGP4068D-EPBF,"INFINEON - IGBT Single Transistor, 96 A, 1.65 V, 330 W, 600 V, TO-247AD, 3 Pins
			", 96A, 600V
199,RGT40NS65DGTL,"ROHM - IGBT Single Transistor, Field Stop Trench, 40 A, 1.65 V, 161 W, 650 V, TO-263S, 3 Pins
			", 40A, 650V
200,IKW20N60TFKSA1,"INFINEON - IGBT Single Transistor, 40 A, 1.5 V, 166 W, 600 V, TO-247, 3 Pins
			", 40A, 600V
201,STGWA8M120DF3,"STMICROELECTRONICS - IGBT Single Transistor, 16 A, 1.85 V, 167 W, 1.2 kV, TO-247, 3 Pins
			", 16A, 1.2kV
202,NGTB15N60S1EG,"ON SEMICONDUCTOR - IGBT Single Transistor, 30 A, 1.5 V, 117 W, 600 V, TO-220, 3 Pins
			", 30A, 600V
203,NGTB60N65FL2WG,"ON SEMICONDUCTOR - IGBT Single Transistor, 100 A, 1.64 V, 595 W, 650 V, TO-247, 3 Pins
			", 100A, 650V
204,IXGH32N170,"IXYS SEMICONDUCTOR - IGBT Single Transistor, 75 A, 2.5 V, 350 W, 1.7 kV, TO-247AD, 3 Pins
			", 75A, 1.7kV
205,IRGP4790PBF,"INFINEON - IGBT Single Transistor, N-CH, 140 A, 1.7 V, 455 W, 650 V, TO-247AC, 3 Pins
			", 140A, 650V
206,STGB18N40LZT4,"STMICROELECTRONICS - IGBT Single Transistor, 30 A, 1.35 V, 150 W, 390 V, TO-263, 3 Pins
			", 30A, 390V
207,NGTB05N60R2DT4G,"ON SEMICONDUCTOR - IGBT Single Transistor, 16 A, 1.65 V, 56 W, 600 V, TO-252, 3 Pins
			", 16A, 600V
208,IKZ75N65EH5XKSA1,"INFINEON - IGBT Single Transistor, 90 A, 1.65 V, 395 W, 650 V, TO-247, 4 Pins
			", 90A, 650V
209,IHW30N135R3FKSA1,"INFINEON - IGBT Single Transistor, 60 A, 1.65 V, 349 W, 1.35 kV, TO-247, 3 Pins
			", 60A, 1.35kV
210,IKW25T120FKSA1,"INFINEON - IGBT Single Transistor, General Purpose, 50 A, 2.2 V, 190 W, 1.2 kV, TO-247, 3 Pins
			", 50A, 1.2kV
211,IRG4PSC71UDPBF,"INFINEON - IGBT Single Transistor, 85 A, 1.95 V, 350 W, 600 V, TO-274AA, 3 Pins
			", 85A, 600V
212,IXGP20N120A3,"IXYS SEMICONDUCTOR - IGBT Single Transistor, 40 A, 2.5 V, 180 W, 1.2 kV, TO-220AB, 3 Pins
			", 40A, 1.2kV
213,IGW25N120H3FKSA1,"INFINEON - IGBT Single Transistor, 50 A, 2.05 V, 326 W, 1.2 kV, TO-247, 3 Pins
			", 50A, 1.2kV
214,NGTB15N120FLWG,"ON SEMICONDUCTOR - IGBT Single Transistor, 30 A, 2 V, 156 W, 1.2 kV, TO-247, 3 Pins
			", 30A, 1.2kV
215,STGW40H65DFB-4,"STMICROELECTRONICS - IGBT Single Transistor, 80 A, 1.6 V, 283 W, 650 V, TO-247, 4 Pins
			", 80A, 650V
216,HGTG40N60B3,"ON SEMICONDUCTOR - IGBT Single Transistor, 70 A, 2 V, 290 W, 600 V, TO-247, 3 Pins
			", 70A, 600V
217,IKP20N65H5XKSA1,"INFINEON - IGBT Single Transistor, 42 A, 1.65 V, 125 W, 650 V, TO-220, 3 Pins
			", 42A, 650V
218,IRG4PH40UPBF,"INFINEON - IGBT Single Transistor, 41 A, 2.43 V, 160 W, 1.2 kV, TO-247AC, 3 Pins
			", 41A, 1.2kV
219,IRG7PH35UD-EP.,"INFINEON - TRANSISTOR, BIPOLAR, N CHANNEL, 1.2KV, TO-247AD
			", 50A, 1.2kV
220,IGW08T120FKSA1,"INFINEON - IGBT Single Transistor, 16 A, 1.7 V, 70 W, 1.2 kV, TO-247, 3 Pins
			", 16A, 1.2kV
221,IRG4PC40SPBF,"INTERNATIONAL RECTIFIER - SINGLE IGBT, 600V, 60A
			", 60A, 600V
222,IRG4PH40KDPBF,"INTERNATIONAL RECTIFIER - SINGLE IGBT, 1.2KV, 30A, TO-247AC
			", 30A, 1.2kV
223,NGTG15N60S1EG,"ON SEMICONDUCTOR - IGBT Single Transistor, 30 A, 1.75 V, 117 W, 600 V, TO-220, 3 Pins
			", 30A, 600V
224,NGTB15N60EG,"ON SEMICONDUCTOR - IGBT Single Transistor, 30 A, 1.7 V, 117 W, 600 V, TO-220, 3 Pins
			", 30A, 600V
225,IRGP4790DPBF,"INFINEON - IGBT Single Transistor, N-CH, 140 A, 1.7 V, 455 W, 650 V, TO-247AC, 3 Pins
			", 140A, 650V
226,IKW40N60DTPXKSA1,"INFINEON - IGBT Single Transistor, 67 A, 1.6 V, 246 W, 600 V, TO-247, 3 Pins
			", 67A, 600V
227,IRG4IBC30KDPBF,"INFINEON - IGBT Single Transistor, N-CH, 17 A, 2.88 V, 45 W, 600 V, TO-220, 3 Pins
			", 17A, 600V
228,STGW15S120DF3,"STMICROELECTRONICS - IGBT Single Transistor, 30 A, 1.55 V, 259 W, 1.2 kV, TO-247, 3 Pins
			", 30A, 1.2kV
229,NGTB50N60FWG,"ON SEMICONDUCTOR - IGBT Single Transistor, 100 A, 1.45 V, 223 W, 600 V, TO-247, 3 Pins
			", 100A, 600V
230,NGTB40N120SWG,"ON SEMICONDUCTOR - IGBT Single Transistor, 80 A, 2 V, 535 W, 1.2 kV, TO-247, 3 Pins
			", 80A, 1.2kV
231,IKB10N60T,"INFINEON - IGBT Single Transistor, 10 A, 2.05 V, 110 W, 600 V, TO-263, 3 Pins
			", 10A, 600V
232,ISL9V5036S3ST,"ON SEMICONDUCTOR - IGBT Single Transistor, 46 A, 1.17 V, 250 W, 360 V, TO-263AB, 3 Pins
			", 46A, 360V
233,IRG4BC40SPBF,"INFINEON - IGBT Single Transistor, 60 A, 1.68 V, 160 W, 600 V, TO-220AB, 3 Pins
			", 60A, 600V
234,IXYB82N120C3H1,"IXYS SEMICONDUCTOR - IGBT Single Transistor, 164 A, 2.75 V, 1.04 kW, 1.2 kV, TO-264AA, 3 Pins
			", 164A, 1.2kV
235,RGS80TS65DHRC11,"ROHM - IGBT Single Transistor, 73 A, 1.65 V, 272 W, 650 V, TO-247N, 3 Pins
			", 73A, 650V
236,IRGP6690DPBF,"INFINEON - IGBT Single Transistor, N-CH, 140 A, 1.65 V, 483 W, 600 V, TO-247AC, 3 Pins
			", 140A, 600V
237,NGTB10N60R2DT4G,"ON SEMICONDUCTOR - IGBT Single Transistor, 20 A, 1.7 V, 72 W, 600 V, TO-252, 3 Pins
			", 20A, 600V
238,NGTB30N60FLWG,"ON SEMICONDUCTOR - IGBT Single Transistor, 60 A, 1.65 V, 167 W, 600 V, TO-247, 3 Pins
			", 60A, 600V
239,IXGA30N120B3,"IXYS SEMICONDUCTOR - IGBT Single Transistor, 60 A, 3.5 V, 300 W, 1.2 kV, TO-263, 3 Pins
			", 60A, 1.2kV
240,IGW50N60TPXKSA1,"INFINEON - IGBT Single Transistor, 80 A, 1.6 V, 319.2 W, 600 V, TO-247, 3 Pins
			", 80A, 600V
241,FGD5T120SH,"ON SEMICONDUCTOR - IGBT Single Transistor, FS Trench, 10 A, 2.9 V, 69 W, 1.2 kV, TO-252, 3 Pins
			", 10A, 1.2kV
242,ISL9V5036S3ST,"ON SEMICONDUCTOR - IGBT Single Transistor, 46 A, 1.17 V, 250 W, 360 V, TO-263AB, 3 Pins
			", 46A, 360V
243,HGTG20N60B3..,"ON SEMICONDUCTOR - IGBT Single Transistor, 40 A, 2 V, 165 W, 600 V, TO-247, 3 Pins
			", 40A, 600V
244,NGTB15N120IHWG,"ON SEMICONDUCTOR - IGBT Single Transistor, 30 A, 2.1 V, 278 W, 1.2 kV, TO-247, 3 Pins
			", 30A, 1.2kV
245,IRG4PF50WDPBF,"INFINEON - IGBT Single Transistor, 51 A, 2.25 V, 200 W, 900 V, TO-247AC, 3 Pins
			", 51A, 900V
246,IKD04N60R,"INFINEON - IGBT Single Transistor, 4 A, 2.1 V, 75 W, 600 V, TO-252, 3 Pins
			", 4A, 600V
247,IXGT30N120B3D1,"IXYS SEMICONDUCTOR - IGBT Single Transistor, 50 A, 2.96 V, 300 W, 1.2 kV, TO-268, 3 Pins
			", 50A, 1.2kV
248,RGT40TS65DGC11,"ROHM - IGBT Single Transistor, Field Stop Trench, 40 A, 1.65 V, 144 W, 650 V, TO-247N, 3 Pins
			", 40A, 650V
249,IXXH60N65B4H1,"IXYS SEMICONDUCTOR - IGBT Single Transistor, 60 A, 2.2 V, 455 W, 650 V, TO-247, 3 Pins
			", 60A, 650V
250,NGTB15N120IHRWG,"ON SEMICONDUCTOR - IGBT Single Transistor, 30 A, 2.1 V, 333 W, 1.2 kV, TO-247, 3 Pins
			", 30A, 1.2kV
251,IKQ100N60TXKSA1,"INFINEON - IGBT Single Transistor, 160 A, 1.5 V, 714 W, 600 V, TO-247, 3 Pins
			", 160A, 600V
252,IGW50N60TFKSA1,"INFINEON - IGBT Single Transistor, 50 A, 2 V, 333 W, 600 V, TO-247, 3 Pins
			", 50A, 600V
253,IKA15N65F5XKSA1,"INFINEON - IGBT Single Transistor, 15 A, 1.6 V, 33.3 W, 650 V, TO-220, 3 Pins
			", 15A, 650V
254,IHW40N60R,"INFINEON - IGBT Single Transistor, 40 A, 2.4 V, 305 W, 600 V, TO-247, 3 Pins
			", 40A, 600V
255,STGW30NC60WD,"STMICROELECTRONICS - IGBT Single Transistor, 60 A, 2.5 V, 200 W, 600 V, TO-247, 3 Pins
			", 60A, 600V
256,IRG4BC20UDPBF,"INFINEON - IGBT Single Transistor, 13 A, 2.4 V, 60 W, 600 V, TO-220AB, 3 Pins
			", 13A, 600V
257,STGW60H65DFB,"STMICROELECTRONICS - IGBT Single Transistor, 80 A, 1.6 V, 375 W, 650 V, TO-247, 3 Pins
			", 80A, 650V
258,STGWT80V60DF,"STMICROELECTRONICS - IGBT Single Transistor, 120 A, 1.85 V, 469 W, 600 V, TO-3P, 3 Pins
			", 120A, 600V
259,IKW75N65ES5XKSA1,"INFINEON - IGBT Single Transistor, 80 A, 1.42 V, 395 W, 650 V, TO-247, 3 Pins
			", 80A, 650V
260,IGW30N60TFKSA1,"INFINEON - IGBT Single Transistor, 30 A, 2.05 V, 187 W, 600 V, TO-247, 3 Pins
			", 30A, 600V
261,IRG4BC30FDPBF,"INFINEON - IGBT Single Transistor, 31 A, 1.9 V, 100 W, 600 V, TO-220AB, 3 Pins
			", 31A, 600V
262,IRGIB15B60KD1P,"INFINEON - IGBT Single Transistor, 19 A, 2.2 V, 52 W, 600 V, TO-220FP, 3 Pins
			", 19A, 600V
263,NGTB25N120IHLWG,"ON SEMICONDUCTOR - IGBT Single Transistor, 50 A, 1.85 V, 192 W, 1.2 kV, TO-247, 3 Pins
			", 50A, 1.2kV
264,IKW50N60H3FKSA1,"INFINEON - IGBT Single Transistor, 100 A, 1.85 V, 333 W, 600 V, TO-247, 3 Pins
			", 100A, 600V
265,STGW80V60DF,"STMICROELECTRONICS - IGBT Single Transistor, 120 A, 1.85 V, 469 W, 600 V, TO-247, 3 Pins
			", 120A, 600V
266,FGH60N60SFTU,"ON SEMICONDUCTOR - IGBT Single Transistor, General Purpose, 120 A, 600 V, 378 W, 600 V, TO-247AB, 3 Pins
			", 120A, 600V
267,IRGB4056DPBF,"INFINEON - IGBT Single Transistor, 24 A, 1.55 V, 140 W, 600 V, TO-220, 3 Pins
			", 24A, 600V
268,FGY160T65SPD-F085,"ON SEMICONDUCTOR - IGBT Single Transistor, N Channel, 240 A, 1.6 V, 882 W, 650 V, TO-247, 3 Pins
			", 240A, 650V
269,IHW40N135R3FKSA1,"INFINEON - IGBT Single Transistor, 80 A, 1.65 V, 429 W, 1.35 kV, TO-247, 3 Pins
			", 80A, 1.35kV
270,STGWA40M120DF3,"STMICROELECTRONICS - IGBT Single Transistor, 80 A, 1.85 V, 468 W, 1.2 kV, TO-247, 3 Pins
			", 80A, 1.2kV
271,NGD8201ANT4G,"LITTELFUSE - IGBT Single Transistor, 20 A, 125 W, 440 V, TO-252, 3 Pins
			", 20A, 440V
272,FGW50N60HD,"FUJI ELECTRIC - IGBT Single Transistor, 95 A, 1.5 V, 360 W, 600 V, TO-247, 3 Pins
			", 95A, 600V
273,IRG4PC50FDPBF,"INFINEON - IGBT Single Transistor, 70 A, 1.79 V, 200 W, 600 V, TO-247AC, 3 Pins
			", 70A, 600V
274,IRG4BC40WPBF,"INFINEON - IGBT Single Transistor, 40 A, 2.5 V, 160 W, 600 V, TO-220AB, 3 Pins
			", 40A, 600V
275,IGB50N60TATMA1,"INFINEON - IGBT Single Transistor, 90 A, 1.5 V, 333 W, 600 V, TO-263, 3 Pins
			", 90A, 600V
276,IGD06N60TATMA1,"INFINEON - IGBT Single Transistor, 12 A, 1.5 V, 88 W, 600 V, TO-252, 3 Pins
			", 12A, 600V
277,NGTB25N120FLWG,"ON SEMICONDUCTOR - IGBT Single Transistor, 50 A, 2 V, 192 W, 1.2 kV, TO-247, 3 Pins
			", 50A, 1.2kV
278,NGTB03N60R2DT4G,"ON SEMICONDUCTOR - IGBT Single Transistor, 9 A, 1.7 V, 49 W, 600 V, TO-252, 3 Pins
			", 9A, 600V
279,IHW40N65R5XKSA1,"INFINEON - IGBT Single Transistor, 80 A, 1.35 V, 230 W, 650 V, TO-247, 3 Pins
			", 80A, 650V
280,IRGB4620DPBF,"INFINEON - IGBT Single Transistor, 32 A, 1.55 V, 140 W, 600 V, TO-220AB, 3 Pins
			", 32A, 600V
281,IGW15T120FKSA1,"INFINEON - IGBT Single Transistor, 15 A, 2.2 V, 110 W, 1.2 kV, TO-247, 3 Pins
			", 15A, 1.2kV
282,FGH75T65SQD-F155,"ON SEMICONDUCTOR - IGBT Single Transistor, N Channel, 150 A, 1.6 V, 375 W, 650 V, TO-247, 3 Pins
			", 150A, 650V
283,IRG4PH20KDPBF,"INFINEON - IGBT Single Transistor, 11 A, 3.17 V, 60 W, 1.2 kV, TO-247AC, 3 Pins
			", 11A, 1.2kV
284,RGS00TS65EHRC11,"ROHM - IGBT Single Transistor, 88 A, 1.65 V, 326 W, 650 V, TO-247N, 3 Pins
			", 88A, 650V
285,STGP10NB60S,"STMICROELECTRONICS - IGBT Single Transistor, 29 A, 1.35 V, 80 W, 600 V, TO-220, 3 Pins
			", 29A, 600V
286,NGTB30N120LWG,"ON SEMICONDUCTOR - IGBT Single Transistor, 60 A, 1.75 V, 560 W, 1.2 kV, TO-247, 3 Pins
			", 60A, 1.2kV
287,FGH40N60SFTU,"ON SEMICONDUCTOR - IGBT Single Transistor, General Purpose, 80 A, 2.3 V, 290 W, 600 V, TO-247AB, 3 Pins
			", 80A, 600V
288,IRGP4086PBF.,"INFINEON - IGBT, 1.9V, 70A, TO-247AC-3
			", 70A, 300V
289,IHW50N65R5XKSA1,"INFINEON - IGBT Single Transistor, 80 A, 1.35 V, 282 W, 650 V, TO-247, 3 Pins
			", 80A, 650V
290,AUIRG4PH50S,"INFINEON - IGBT Single Transistor, 57 A, 1.75 V, 217 mW, 1.2 kV, TO-247AC, 3 Pins
			", 57A, 1.2kV
291,NGTG50N60FLWG,"ON SEMICONDUCTOR - IGBT Single Transistor, 100 A, 1.65 V, 223 W, 600 V, TO-247, 3 Pins
			", 100A, 600V
292,IHW15N120R3FKSA1,"INFINEON - IGBT Single Transistor, 15 A, 1.7 V, 254 W, 1.2 kV, TO-247, 3 Pins
			", 15A, 1.2kV
293,STGW30NC120HD,"STMICROELECTRONICS - IGBT Single Transistor, 60 A, 2.75 V, 220 W, 1.2 kV, TO-247, 3 Pins
			", 60A, 1.2kV
294,IRGP4266PBF,"INFINEON - IGBT Single Transistor, 140 A, 1.7 V, 450 W, 650 V, TO-247AC, 3 Pins
			", 140A, 650V
295,NGTB40N120FL3WG,"ON SEMICONDUCTOR - IGBT Single Transistor, 160 A, 1.7 V, 454 W, 1.2 kV, TO-247, 3 Pins
			", 160A, 1.2kV
296,IXYH50N120C3,"IXYS SEMICONDUCTOR - IGBT Single Transistor, 100 A, 3.1 V, 750 W, 1.2 kV, TO-247AD, 3 Pins
			", 100A, 1.2kV
297,IGW60T120FKSA1,"INFINEON - IGBT Single Transistor, 60 A, 2.4 V, 375 W, 1.2 kV, TO-247, 3 Pins
			", 60A, 1.2kV
298,IKW50N60TFKSA1,"INFINEON - IGBT Single Transistor, General Purpose, 80 A, 2 V, 333 W, 600 V, TO-247, 3 Pins
			", 80A, 600V
299,HGTP12N60A4D,"ON SEMICONDUCTOR - IGBT Single Transistor, 54 A, 2.7 V, 167 W, 600 V, TO-220AB, 3 Pins
			", 54A, 600V
300,NGTB40N120S3WG,"ON SEMICONDUCTOR - IGBT Single Transistor, 160 A, 1.7 V, 454 W, 1.2 kV, TO-247, 3 Pins
			", 160A, 1.2kV
301,IHW25N120E1XKSA1,"INFINEON - IGBT Single Transistor, 50 A, 1.5 V, 231 W, 1.2 kV, TO-247, 3 Pins
			", 50A, 1.2kV
302,NGTB20N120IHSWG,"ON SEMICONDUCTOR - IGBT Single Transistor, 40 A, 2.1 V, 156 W, 1.2 kV, TO-247, 3 Pins
			", 40A, 1.2kV
303,IRGP4660DPBF,"INFINEON - IGBT Single Transistor, 100 A, 1.6 V, 330 W, 600 V, TO-247AC, 3 Pins
			", 100A, 600V
304,IXA20I1200PB,"IXYS SEMICONDUCTOR - IGBT Single Transistor, 33 A, 2.1 V, 130 W, 1.2 kV, TO-220AB, 3 Pins
			", 33A, 1.2kV
305,STGWA15S120DF3,"STMICROELECTRONICS - IGBT Single Transistor, 30 A, 1.55 V, 259 W, 1.2 kV, TO-247, 3 Pins
			", 30A, 1.2kV
306,IRGP4062DPBF,"INFINEON - IGBT Single Transistor, 48 A, 1.65 V, 250 W, 600 V, TO-247, 3 Pins
			", 48A, 600V
307,FGP5N60LS,"ON SEMICONDUCTOR - IGBT Single Transistor, General Purpose, 10 A, 600 V, 83 W, 600 V, TO-220AB, 3 Pins
			", 10A, 600V
308,IKQ120N60TXKSA1,"INFINEON - IGBT Single Transistor, 160 A, 1.5 V, 833 W, 600 V, TO-247, 3 Pins
			", 160A, 600V
309,IXA27IF1200HJ,"IXYS SEMICONDUCTOR - IGBT Single Transistor, 43 A, 2.1 V, 150 W, 1.2 kV, TO-247AD, 3 Pins
			", 43A, 1.2kV
310,IRG4PH50KDPBF,"INFINEON - IGBT Single Transistor, 45 A, 2.77 V, 200 W, 1.2 kV, TO-247AC, 3 Pins
			", 45A, 1.2kV
311,HGTG27N120BN,"ON SEMICONDUCTOR - IGBT Single Transistor, 72 A, 2.7 V, 500 W, 1.2 kV, TO-247, 3 Pins
			", 72A, 1.2kV
312,IKW75N60H3FKSA1,"INFINEON - IGBT Single Transistor, 80 A, 1.85 V, 428 W, 600 V, TO-247, 3 Pins
			", 80A, 600V
313,NGD18N40ACLBT4G,"LITTELFUSE - IGBT Single Transistor, 18 A, 1.8 V, 115 W, 400 V, TO-252, 3 Pins
			", 18A, 400V
314,STGW20NC60VD,"STMICROELECTRONICS - IGBT Single Transistor, 60 A, 2.5 V, 200 W, 600 V, TO-247, 3 Pins
			", 60A, 600V
315,STGD18N40LZT4,"STMICROELECTRONICS - IGBT Single Transistor, 25 A, 1.35 V, 125 W, 390 V, TO-252, 3 Pins
			", 25A, 390V
316,STGP10NC60KD,"STMICROELECTRONICS - IGBT Single Transistor, 20 A, 2.5 V, 60 W, 600 V, TO-220, 3 Pins
			", 20A, 600V
317,STGF6NC60HD,"STMICROELECTRONICS - IGBT Single Transistor, 6 A, 2.5 V, 20 W, 600 V, TO-220FP, 3 Pins
			", 6A, 600V
318,IKW30N65ES5XKSA1,"INFINEON - IGBT Single Transistor, 62 A, 1.35 V, 188 W, 650 V, TO-247, 3 Pins
			", 62A, 650V
319,FGH20N60SFDTU,"ON SEMICONDUCTOR - IGBT Single Transistor, General Purpose, 40 A, 600 V, 165 W, 600 V, TO-247AB, 3 Pins
			", 40A, 600V
320,NGTB30N60IHLWG,"ON SEMICONDUCTOR - IGBT Single Transistor, 60 A, 1.8 V, 250 W, 600 V, TO-247, 3 Pins
			", 60A, 600V
321,IGW75N60TFKSA1,"INFINEON - IGBT Single Transistor, 75 A, 2 V, 428 W, 600 V, TO-247, 3 Pins
			", 75A, 600V
322,HGTG11N120CND,"ON SEMICONDUCTOR - IGBT Single Transistor, 43 A, 2.4 V, 298 W, 1.2 kV, TO-247, 3 Pins
			", 43A, 1.2kV
323,IKW30N65EL5XKSA1,"INFINEON - IGBT Single Transistor, 85 A, 1.05 V, 227 W, 650 V, TO-247, 3 Pins
			", 85A, 650V
324,IRGS14C40LPBF,"INFINEON - IGBT Single Transistor, 20 A, 1.4 V, 125 W, 430 V, TO-263, 3 Pins
			", 20A, 430V
325,FGY75N60SMD,"ON SEMICONDUCTOR - IGBT Single Transistor, 150 A, 1.9 V, 750 W, 600 V, Power 247, 3 Pins
			", 150A, 600V
326,IRG4PC40KDPBF,"INFINEON - IGBT Single Transistor, 42 A, 2.1 V, 160 W, 600 V, TO-247AC, 3 Pins
			", 42A, 600V
327,IXYX100N120B3,"IXYS SEMICONDUCTOR - IGBT Single Transistor, 225 A, 2.2 V, 1.15 kW, 1.2 kV, PLUS247, 3 Pins
			", 225A, 1.2kV
328,STGW60V60DF,"STMICROELECTRONICS - IGBT Single Transistor, 80 A, 1.85 V, 375 W, 600 V, TO-247, 3 Pins
			", 80A, 600V
329,IKP10N60TXKSA1,"INFINEON - IGBT Single Transistor, General Purpose, 20 A, 2.05 V, 110 W, 600 V, TO-220, 3 Pins
			", 20A, 600V
330,IGW30N100TFKSA1,"INFINEON - IGBT Single Transistor, 60 A, 1.55 V, 412 W, 1 kV, TO-247, 3 Pins
			", 60A, 1kV
331,FGL40N120ANTU,"ON SEMICONDUCTOR - IGBT Single Transistor, 64 A, 3.2 V, 500 W, 1.2 kV, TO-264, 3 Pins
			", 64A, 1.2kV
332,IXA37IF1200HJ,"IXYS SEMICONDUCTOR - IGBT Single Transistor, 58 A, 2.1 V, 195 W, 1.2 kV, TO-247AD, 3 Pins
			", 58A, 1.2kV
333,ISL9V5036P3-F085,"ON SEMICONDUCTOR - IGBT Single Transistor, 46 A, 1.17 V, 250 W, 360 V, TO-220AB, 3 Pins
			", 46A, 360V
334,IGW50N65F5FKSA1,"INFINEON - IGBT Single Transistor, 50 A, 1.6 V, 305 W, 650 V, TO-247, 3 Pins
			", 50A, 650V
335,STGF14NC60KD,"STMICROELECTRONICS - IGBT Single Transistor, 11 A, 2.5 V, 28 W, 600 V, TO-220FP, 3 Pins
			", 11A, 600V
336,IHW20N120R3FKSA1,"INFINEON - IGBT Single Transistor, 20 A, 1.7 V, 310 W, 1.2 kV, TO-247, 3 Pins
			", 20A, 1.2kV
337,IHW25N120R2FKSA1,"INFINEON - IGBT Single Transistor, 50 A, 1.6 V, 365 W, 1.2 kV, TO-247, 3 Pins
			", 50A, 1.2kV
338,IRGP20B60PDPBF,"INFINEON - IGBT Single Transistor, 40 A, 2.35 V, 220 W, 600 V, TO-247AC, 3 Pins
			", 40A, 600V
339,IRG4PC50UPBF,"INFINEON - IGBT Single Transistor, 55 A, 2.4 V, 200 W, 600 V, TO-247AC, 3 Pins
			", 55A, 600V
340,FGH40N60SMDF,"ON SEMICONDUCTOR - IGBT Single Transistor, General Purpose, 80 A, 600 V, 349 W, 600 V, TO-247AB, 3 Pins
			", 80A, 600V
341,IKW75N60TFKSA1,"INFINEON - IGBT Single Transistor, General Purpose, 80 A, 2 V, 428 W, 600 V, TO-247, 3 Pins
			", 80A, 600V
342,IKW40N120H3FKSA1,"INFINEON - IGBT Single Transistor, 40 A, 2.4 V, 483 W, 1.2 kV, TO-247, 3 Pins
			", 40A, 1.2kV
343,NGTB30N135IHR1WG,"ON SEMICONDUCTOR - IGBT Single Transistor, 60 A, 2.4 V, 394 W, 1.35 kV, TO-247, 3 Pins
			", 60A, 1.35kV
344,NGTB15N120LWG,"ON SEMICONDUCTOR - IGBT Single Transistor, 30 A, 1.8 V, 156 W, 1.2 kV, TO-247, 3 Pins
			", 30A, 1.2kV
345,IHW30N90T,"INFINEON - IGBT Single Transistor, 30 A, 1.7 V, 428 W, 900 V, TO-247, 3 Pins
			", 30A, 900V
346,GA035XCP12-247,"GENESIC SEMICONDUCTOR - IGBT Single Transistor, Silicon, 35 A, 1.2 kV, TO-247, 3 Pins
			", 35A, -
347,FGA20S120M.,"ON SEMICONDUCTOR - ShortedAnode IGBT, 1200V, 40A, TO-3
			", 40A, 1.2kV
348,STGW40S120DF3,"STMICROELECTRONICS - IGBT Single Transistor, 80 A, 1.65 V, 468 W, 1.2 kV, TO-247, 3 Pins
			", 80A, 1.2kV
349,HGTG30N60C3D..,"ON SEMICONDUCTOR - SINGLE IGBT, 600V, 63A
			", 63A, 600V
350,IRG4PH50S-EPBF.,"INFINEON - SINGLE IGBT, 18V, 57A
			", 57A, -
351,IRG4PH30KDPBF,"INFINEON - IGBT Single Transistor, 20 A, 3.1 V, 100 W, 1.2 kV, TO-247AC, 3 Pins
			", 20A, 1.2kV
352,IRG4BC10UDPBF,"INFINEON - IGBT Single Transistor, IRG4, 8.5 A, 600 V, 38 W, 600 V, TO-220AB, 3 Pins
			", 8.5A, 600V
353,IRG4PC40UPBF,"INFINEON - IGBT Single Transistor, 40 A, 2.4 V, 160 W, 600 V, TO-247AC, 3 Pins
			", 40A, 600V
354,IGA03N120H2XKSA1,"INFINEON - IGBT Single Transistor, 3 A, 2.8 V, 29 W, 1.2 kV, TO-220, 3 Pins
			", 3A, 1.2kV
355,IRG4BC30FPBF,"INFINEON - IGBT Single Transistor, 31 A, 1.9 V, 100 W, 600 V, TO-220AB, 3 Pins
			", 31A, 600V
356,IRG4BC20UPBF,"INFINEON - IGBT Single Transistor, 13 A, 2.4 V, 60 W, 600 V, TO-220AB, 3 Pins
			", 13A, 600V
357,STGW40N120KD,"STMICROELECTRONICS - IGBT Single Transistor, 80 A, 2.8 V, 240 W, 1.2 kV, TO-247, 3 Pins
			", 80A, 1.2kV
358,IRGP4790D-EPBF,"INFINEON - IGBT Single Transistor, N-CH, 140 A, 1.7 V, 455 W, 650 V, TO-247AD, 3 Pins
			", 140A, 650V
359,IRG4BC30KPBF,"INFINEON - IGBT Single Transistor, N-CH, 28 A, 2.88 V, 100 W, 600 V, TO-220AB, 3 Pins
			", 28A, 600V
360,IRG4PC40KPBF,"INFINEON - IGBT Single Transistor, 42 A, 2.6 V, 160 W, 600 V, TO-247AC, 3 Pins
			", 42A, 600V
361,IRGB6B60KPBF,"INFINEON - IGBT Single Transistor, 13 A, 1.8 V, 90 W, 600 V, TO-220AB, 3 Pins
			", 13A, 600V
362,IRG7PH42UPBF,"INFINEON - IGBT Single Transistor, 90 A, 1.7 V, 385 W, 1.2 kV, TO-247AC, 3 Pins
			", 90A, 1.2kV
363,IRGB8B60KPBF,"INFINEON - IGBT Single Transistor, 28 A, 2.2 V, 167 W, 600 V, TO-220AB, 3 Pins
			", 28A, 600V
364,IRGP4640PBF,"INFINEON - IGBT Single Transistor, 65 A, 1.6 V, 250 W, 600 V, TO-247AC, 3 Pins
			", 65A, 600V
365,IRGIB7B60KDPBF,"INFINEON - IGBT Single Transistor, 12 A, 2.2 V, 39 W, 600 V, TO-220FP, 3 Pins
			", 12A, 600V
366,IRG7PH46UDPBF,"INFINEON - IGBT Single Transistor, 108 A, 1.7 V, 390 W, 1.2 kV, TO-247AC, 3 Pins
			", 108A, 1.2kV
367,IRG4BC20FPBF,"INFINEON - IGBT Single Transistor, 16 A, 1.66 V, 60 W, 600 V, TO-220AB, 3 Pins
			", 16A, 600V
368,IRGPS40B120UDP,"INFINEON - IGBT Single Transistor, 80 A, 3.39 V, 595 W, 1.2 kV, TO-274AA, 3 Pins
			", 80A, 1.2kV
369,IRG7PH35UD1PBF,"INFINEON - IGBT Single Transistor, 50 A, 1.9 V, 179 W, 1.2 kV, TO-247AC, 3 Pins
			", 50A, 1.2kV
370,STGF30H60DF,"STMICROELECTRONICS - IGBT Single Transistor, 60 A, 2 V, 37 W, 600 V, TO-220FP, 3 Pins
			", 60A, 600V
371,IRG4IBC20WPBF,"INFINEON - IGBT Single Transistor, 11.8 A, 2.16 V, 34 W, 600 V, TO-220FP, 3 Pins
			", 11.8A, 600V
372,IRGPS40B120UPBF,"INFINEON - IGBT Single Transistor, 80 A, 3.5 V, 595 W, 1.2 kV, TO-274AA, 3 Pins
			", 80A, 1.2kV
373,IRG4PC50UD-EPBF,"INFINEON - IGBT Single Transistor, 55 A, 2 V, 200 W, 600 V, TO-247AC, 3 Pins
			", 55A, 600V
374,IRG7PH50UPBF,"INFINEON - IGBT Single Transistor, 140 A, 1.2 kV, 556 W, 1.2 kV, TO-247AC, 3 Pins
			", 140A, 1.2kV
375,IRG7PSH73K10PBF,"INFINEON - IGBT Single Transistor, 220 A, 2 V, 1.15 kW, 1.2 kV, TO-274AA, 3 Pins
			", 220A, 1.2kV
376,STGW38IH130D,"STMICROELECTRONICS - IGBT Single Transistor, 63 A, 1.3 kV, 250 W, 1.3 kV, TO-247, 3 Pins
			", 63A, 1.3kV
377,IRG7PH35UD1-EP,"INFINEON - INSULATED GATE BIPOLAR TRANSISTOR
			", 50A, -
378,NGD8205ANT4G,"LITTELFUSE - IGBT Single Transistor, 20 A, 1.3 V, 125 W, 350 V, TO-252, 3 Pins
			", 20A, 350V
379,FGW30N120HD,"FUJI ELECTRIC - IGBT Single Transistor, 53 A, 1.8 V, 260 W, 1.2 kV, TO-247, 3 Pins
			", 53A, 1.2kV
380,IRG4PH50KPBF,"INTERNATIONAL RECTIFIER - SINGLE IGBT, 1.2KV, 45A
			", 45A, 1.2kV
381,RJH60D2DPP-M0#T2,"RENESAS - IGBT Single Transistor, 25 A, 2.2 V, 34 W, 600 V, TO-220FL, 3 Pins
			", 25A, 600V
382,RJH60F0DPQ-A0#T0,"RENESAS - IGBT Single Transistor, 50 A, 1.7 V, 201.6 W, 600 V, TO-247, 3 Pins
			", 50A, 600V
383,FGW40N120VD,"FUJI ELECTRIC - IGBT Single Transistor, 63 A, 1.85 V, 340 W, 1.2 kV, TO-247, 3 Pins
			", 63A, 1.2kV
384,FGW25N120VD,"FUJI ELECTRIC - IGBT Single Transistor, 48 A, 1.85 V, 260 W, 1.2 kV, TO-247, 3 Pins
			", 48A, 1.2kV
385,STGP20NC60V,"STMICROELECTRONICS - IGBT Single Transistor, 60 A, 2.5 V, 200 W, 600 V, TO-220, 3 Pins
			", 60A, 600V
386,IRGP4066-EPBF,"INFINEON - IGBT Single Transistor, 140 A, 1.7 V, 454 W, 600 V, TO-247AD, 3 Pins
			", 140A, 600V
387,STGB30M65DF2,"STMICROELECTRONICS - IGBT Single Transistor, 60 A, 1.55 V, 258 W, 650 V, TO-263, 3 Pins
			", 60A, 650V
388,IKW50N60DTPXKSA1,"INFINEON - IGBT Single Transistor, 80 A, 1.6 V, 319.2 W, 600 V, TO-247, 3 Pins
			", 80A, 600V
389,IRGP4263PBF,"INFINEON - IGBT Single Transistor, 90 A, 1.7 V, 300 W, 650 V, TO-247AC, 3 Pins
			", 90A, 650V
390,STGB30M65DF2,"STMICROELECTRONICS - IGBT Single Transistor, 60 A, 1.55 V, 258 W, 650 V, TO-263, 3 Pins
			", 60A, 650V
391,NGTB35N60FL2WG,"ON SEMICONDUCTOR - IGBT Single Transistor, 70 A, 1.7 V, 300 W, 600 V, TO-247, 3 Pins
			", 70A, 600V
392,IXA45IF1200HB,"IXYS SEMICONDUCTOR - IGBT Single Transistor, 78 A, 2.1 V, 325 W, 1.2 kV, TO-247AD, 3 Pins
			", 78A, 1.2kV
393,IRG7PH46UDPBF.,"INFINEON - TUBE / 1200V 108.000A COPAK-247
			", 108A, 1.2kV
394,NGTB40N65FL2WG,"ON SEMICONDUCTOR - IGBT Single Transistor, 80 A, 1.7 V, 366 W, 650 V, TO-247, 3 Pins
			", 80A, 650V
395,NGTB40N60FLWG,"ON SEMICONDUCTOR - IGBT Single Transistor, 80 A, 1.85 V, 257 W, 600 V, TO-247, 3 Pins
			", 80A, 600V
396,IRGP4650DPBF,"INFINEON - IGBT Single Transistor, 76 A, 1.6 V, 268 W, 600 V, TO-247AC, 3 Pins
			", 76A, 600V
397,STGB10M65DF2,"STMICROELECTRONICS - IGBT Single Transistor, 20 A, 1.55 V, 115 W, 650 V, TO-263, 3 Pins
			", 20A, 650V
398,STGW15M120DF3,"STMICROELECTRONICS - IGBT Single Transistor, 30 A, 1.85 V, 259 W, 1.2 kV, TO-247, 3 Pins
			", 30A, 1.2kV
399,STGWA40S120DF3,"STMICROELECTRONICS - IGBT Single Transistor, 80 A, 1.65 V, 468 W, 1.2 kV, TO-247, 3 Pins
			", 80A, 1.2kV
400,HGTD1N120BNS9A,"ON SEMICONDUCTOR - IGBT Single Transistor, 5.3 A, 2.5 V, 60 W, 1.2 kV, TO-252AA, 3 Pins
			", 5.3A, 1.2kV
401,IKZ50N65NH5XKSA1,"INFINEON - IGBT Single Transistor, 85 A, 1.65 V, 273 W, 650 V, TO-247, 4 Pins
			", 85A, 650V
402,NGTB35N65FL2WG,"ON SEMICONDUCTOR - IGBT Single Transistor, 70 A, 1.7 V, 300 W, 650 V, TO-247, 3 Pins
			", 70A, 650V
403,IRGS4607DPBF,"INFINEON - IGBT Single Transistor, 11 A, 1.75 V, 58 W, 600 V, TO-263, 3 Pins
			", 11A, 600V
404,IRGB4062DPBF,"INFINEON - IGBT Single Transistor, 48 A, 1.65 V, 250 W, 600 V, TO-220, 3 Pins
			", 48A, 600V
405,RGT8NS65DGTL,"ROHM - IGBT Single Transistor, Field Stop Trench, 8 A, 1.65 V, 65 W, 650 V, TO-263S, 3 Pins
			", 8A, 650V
406,HGT1S10N120BNST,"ON SEMICONDUCTOR - IGBT Single Transistor, 35 A, 2.45 V, 298 W, 1.2 kV, TO-263AB, 3 Pins
			", 35A, 1.2kV
407,IXGH16N170,"IXYS SEMICONDUCTOR - IGBT Single Transistor, 32 A, 2.7 V, 190 W, 1.7 kV, TO-247, 3 Pins
			", 32A, 1.7kV
408,IRGP4690DPBF,"INFINEON - IGBT Single Transistor, 140 A, 1.7 V, 454 W, 600 V, TO-247AC, 3 Pins
			", 140A, 600V
409,IRGB4061DPBF.,"INFINEON - IGBT
			", 36A, 600V
410,IGW40N65H5FKSA1,"INFINEON - IGBT Single Transistor, 40 A, 1.65 V, 255 W, 650 V, TO-247, 3 Pins
			", 40A, 650V
411,STGB10M65DF2,"STMICROELECTRONICS - IGBT Single Transistor, 20 A, 1.55 V, 115 W, 650 V, TO-263, 3 Pins
			", 20A, 650V
412,IKA08N65F5XKSA1,"INFINEON - IGBT Single Transistor, 8 A, 1.6 V, 31.2 W, 650 V, TO-220, 3 Pins
			", 8A, 650V
413,AUIRGP35B60PD-E,"INFINEON - IGBT Single Transistor, 60 A, 600 V, 308 W, 600 V, TO-247AD, 3 Pins
			", 60A, 600V
414,IXGH20N120A3,"IXYS SEMICONDUCTOR - Silicon Carbide IGBT Single Transistor, 40 A, 2.5 V, 180 W, 1.2 kV, TO-247AD, 3 Pins
			", 40A, 1.2kV
415,RGPZ10BM40FHTL,"ROHM - IGBT Single Transistor, 20 A, 1.6 V, 107 W, 460 V, TO-252, 3 Pins
			", 20A, 460V
416,HGTD1N120BNS9A,"ON SEMICONDUCTOR - IGBT Single Transistor, 5.3 A, 2.5 V, 60 W, 1.2 kV, TO-252AA, 3 Pins
			", 5.3A, 1.2kV
417,STGW40M120DF3,"STMICROELECTRONICS - IGBT Single Transistor, 80 A, 1.85 V, 468 W, 1.2 kV, TO-247, 3 Pins
			", 80A, 1.2kV
418,NGTB20N120IHRWG,"ON SEMICONDUCTOR - IGBT Single Transistor, 40 A, 2.1 V, 384 W, 1.2 kV, TO-247, 3 Pins
			", 40A, 1.2kV
419,IKP08N65H5XKSA1,"INFINEON - IGBT Single Transistor, 8 A, 1.65 V, 70 W, 650 V, TO-220, 3 Pins
			", 8A, 650V
420,IRGP4620DPBF.,"INFINEON - BT, SINGLE, 1.55V, 32A, TO-247AC
			", 32A, 600V
421,IRGP4262DPBF,"INFINEON - IGBT Single Transistor, 60 A, 1.7 V, 250 W, 650 V, TO-247AC, 3 Pins
			", 60A, 650V
422,IKW15N120H3FKSA1,"INFINEON - IGBT Single Transistor, 30 A, 2.05 V, 217 W, 1.2 kV, TO-247, 3 Pins
			", 30A, 1.2kV
423,IGP30N60H3XKSA1,"INFINEON - IGBT Single Transistor, 30 A, 2.4 V, 187 W, 600 V, TO-220, 3 Pins
			", 30A, 600V
424,IGP40N65F5XKSA1,"INFINEON - IGBT Single Transistor, 40 A, 1.6 V, 255 W, 650 V, TO-220, 3 Pins
			", 40A, 650V
425,IXYH82N120C3,"IXYS SEMICONDUCTOR - IGBT Single Transistor, 82 A, 3.2 V, 1.25 kW, 1.2 kV, TO-247AD, 3 Pins
			", 82A, 1.2kV
426,IRGS4062DPBF,"INFINEON - IGBT Single Transistor, 48 A, 1.6 V, 250 W, 600 V, TO-263, 2 Pins
			", 48A, 600V
427,IRG8P25N120KDPBF,"INFINEON - IGBT Single Transistor, N-CH, 40 A, 1.7 V, 180 W, 1.2 kV, TO-247AC, 3 Pins
			", 40A, 1.2kV
428,IKD15N60RFATMA1,"INFINEON - IGBT Single Transistor, 30 A, 2.2 V, 250 W, 600 V, TO-252, 3 Pins
			", 30A, 600V
429,IRGB4610DPBF,"INFINEON - IGBT Single Transistor, 16 A, 1.7 V, 77 W, 600 V, TO-220AB, 3 Pins
			", 16A, 600V
430,HGT1S10N120BNST,"ON SEMICONDUCTOR - IGBT Single Transistor, 35 A, 2.45 V, 298 W, 1.2 kV, TO-263AB, 3 Pins
			", 35A, 1.2kV
431,IRG7PH46UD-EP,"INFINEON - IGBT Single Transistor, N-CH, 108 A, 2 V, 390 W, 1.2 kV, TO-247AD, 3 Pins
			", 108A, 1.2kV
432,IXDR30N120,"IXYS SEMICONDUCTOR - IGBT Single Transistor, Isolated, 50 A, 2.4 V, 200 W, 1.2 kV, TO-247AD, 3 Pins
			", 50A, 1.2kV
433,IRGP4263DPBF.,"INFINEON - ANSISTOR, BIPOL, N CH, 650V, TO-247AC
			", 90A, 650V
434,IKW30N65NL5XKSA1,"INFINEON - IGBT Single Transistor, 85 A, 1.05 V, 227 W, 650 V, TO-247, 3 Pins
			", 85A, 650V
435,IRG4PSC71KDPBF,"INFINEON - IGBT Single Transistor, 85 A, 2.3 V, 350 W, 600 V, TO-274AA, 3 Pins
			", 85A, 600V
436,IKP15N60TXKSA1,"INFINEON - IGBT Single Transistor, General Purpose, 30 A, 2.05 V, 130 W, 600 V, TO-220, 3 Pins
			", 30A, 600V
437,NGTB15N60R2FG,"ON SEMICONDUCTOR - IGBT Single Transistor, 24 A, 1.85 V, 54 W, 600 V, TO-220F, 3 Pins
			", 24A, 600V
438,IRG4RC10SDPBF,"INFINEON - IGBT Single Transistor, 14 A, 1.7 V, 38 W, 600 V, TO-252AA, 3 Pins
			", 14A, 600V
439,NGTB40N120LWG,"ON SEMICONDUCTOR - IGBT Single Transistor, 80 A, 1.9 V, 260 W, 1.2 kV, TO-247, 3 Pins
			", 80A, 1.2kV
440,IRGS6B60KPBF.,"INFINEON - SINGLE IGBT, 600V, 13A
			", 13A, 600V
441,RGPR10BM40FHTL,"ROHM - IGBT Single Transistor, 20 A, 1.6 V, 107 W, 460 V, TO-252, 3 Pins
			", 20A, 460V
442,NGTB75N65FL2WG,"ON SEMICONDUCTOR - IGBT Single Transistor, 100 A, 1.75 V, 595 W, 650 V, TO-247, 3 Pins
			", 100A, 650V
443,NGTB30N60FWG,"ON SEMICONDUCTOR - IGBT Single Transistor, 60 A, 1.45 V, 167 W, 600 V, TO-247, 3 Pins
			", 60A, 600V
444,IRG7PH35UDPBF.,"INFINEON - IGBT, 1.9V, 50A, TO-247AC-3
			", 50A, 1.2kV
445,NGTB30N120L2WG,"ON SEMICONDUCTOR - IGBT Single Transistor, 60 A, 1.7 V, 534 W, 1.2 kV, TO-247, 3 Pins
			", 60A, 1.2kV
446,IKA15N65H5XKSA1,"INFINEON - IGBT Single Transistor, 15 A, 1.65 V, 33.3 W, 650 V, TO-220, 3 Pins
			", 15A, 650V
447,FGH40N60SMD,"ON SEMICONDUCTOR - IGBT Single Transistor, 80 A, 1.9 V, 349 W, 600 V, TO-247AB, 3 Pins
			", 80A, 600V
448,IRGB4607DPBF,"INFINEON - IGBT Single Transistor, 11 A, 1.75 V, 58 W, 600 V, TO-220AB, 3 Pins
			", 11A, 600V
449,NGTB45N60S2WG,"ON SEMICONDUCTOR - IGBT Single Transistor, 90 A, 2 V, 300 W, 600 V, TO-247, 3 Pins
			", 90A, 600V
450,IRGP6660DPBF,"INFINEON - IGBT Single Transistor, 95 A, 1.65 V, 330 W, 600 V, TO-247AC, 3 Pins
			", 95A, 600V
451,IRGSL10B60KDPBF.,"INFINEON - IGBT, 1.8V, 22A, TO-262-3
			", 22A, 600V
452,IRGS15B60KDPBF,"INFINEON - SINGLE IGBT, 600V, 31A
			", 31A, 600V
453,NGTG12N60TF1G,"ON SEMICONDUCTOR - IGBT Single Transistor, 24 A, 1.4 V, 54 W, 600 V, TO-3PF, 3 Pins
			", 24A, 600V
454,IXGR16N170AH1,"IXYS SEMICONDUCTOR - IGBT Single Transistor, Isolated, 16 A, 5 V, 120 W, 1.7 kV, TO-247AD, 3 Pins
			", 16A, 1.7kV
455,STGW25M120DF3,"STMICROELECTRONICS - IGBT Single Transistor, 50 A, 1.85 V, 375 W, 1.2 kV, TO-247, 3 Pins
			", 50A, 1.2kV
456,NGTB30N120FL2WG,"ON SEMICONDUCTOR - IGBT Single Transistor, 60 A, 2 V, 452 W, 1.2 kV, TO-247, 3 Pins
			", 60A, 1.2kV
457,AUIRGP50B60PD1E,"INFINEON - IGBT Single Transistor, 75 A, 2.35 V, 390 W, 600 V, TO-247AD, 3 Pins
			", 75A, 600V
458,NGTB40N135IHRWG,"ON SEMICONDUCTOR - IGBT Single Transistor, 80 A, 2.4 V, 394 W, 1.35 kV, TO-247, 3 Pins
			", 80A, 1.35kV
459,IRG4IBC30UDPBF,"INFINEON - IGBT Single Transistor, 17 A, 1.95 V, 45 W, 600 V, TO-220FP, 3 Pins
			", 17A, 600V
460,AUIRGP50B60PD1,"INFINEON - IGBT Single Transistor, 75 A, 2.35 V, 390 W, 600 V, TO-247AC, 3 Pins
			", 75A, 600V
461,NGTB45N60S1WG,"ON SEMICONDUCTOR - IGBT Single Transistor, 90 A, 2 V, 300 W, 600 V, TO-247, 3 Pins
			", 90A, 600V
462,RGPR30BM40HRTL,"ROHM - IGBT Single Transistor, 30 A, 1.6 V, 125 W, 430 V, TO-252, 3 Pins
			", 30A, 430V
463,NGTB40N120FLWG,"ON SEMICONDUCTOR - IGBT Single Transistor, 80 A, 2 V, 260 W, 1.2 kV, TO-247, 3 Pins
			", 80A, 1.2kV
464,IRG7PH35UD-EP,"INFINEON - IGBT Single Transistor, N-CH, 50 A, 2.3 V, 180 W, 1.2 kV, TO-247AD, 3 Pins
			", 50A, 1.2kV
465,NGTB30N135IHRWG,"ON SEMICONDUCTOR - IGBT Single Transistor, 60 A, 2.3 V, 394 W, 1.35 kV, TO-247, 3 Pins
			", 60A, 1.35kV
466,NGTB40N120IHRWG,"ON SEMICONDUCTOR - IGBT Single Transistor, 80 A, 2.3 V, 384 W, 1.2 kV, TO-247, 3 Pins
			", 80A, 1.2kV
467,NGTB40N65IHRTG,"ON SEMICONDUCTOR - IGBT Single Transistor, 80 A, 1.55 V, 405 W, 650 V, TO-3P, 3 Pins
			", 80A, 650V
468,NGTB20N135IHRWG,"ON SEMICONDUCTOR - IGBT Single Transistor, 40 A, 2.2 V, 394 W, 1.35 kV, TO-247, 3 Pins
			", 40A, 1.35kV
469,IKP40N65F5XKSA1,"INFINEON - IGBT Single Transistor, 40 A, 1.6 V, 255 W, 650 V, TO-220, 3 Pins
			", 40A, 650V
470,FGH40N60UFDTU,"ON SEMICONDUCTOR - IGBT Single Transistor, General Purpose, 80 A, 600 V, 290 W, 600 V, TO-247AB, 3 Pins
			", 80A, 600V
471,IKW50N65F5FKSA1,"INFINEON - IGBT Single Transistor, 50 A, 1.6 V, 305 W, 650 V, TO-247, 3 Pins
			", 50A, 650V
472,AUIRGS30B60K,"INFINEON - IGBT Single Transistor, 78 A, 600 V, 370 W, 600 V, TO-262, 3 Pins
			", 78A, 600V
473,IRG4PSH71KDPBF,"INFINEON - IGBT Single Transistor, 78 A, 3.9 V, 350 W, 1.2 kV, TO-274AA, 3 Pins
			", 78A, 1.2kV
474,IKW75N65EL5XKSA1,"INFINEON - IGBT Single Transistor, 80 A, 1.1 V, 536 W, 650 V, TO-247, 3 Pins
			", 80A, 650V
475,RJH60D1DPP-M0#T2,"RENESAS - IGBT Single Transistor, 20 A, 2.6 V, 30 W, 600 V, TO-220FL, 3 Pins
			", 20A, 600V
476,IRGP50B60PDPBF.,"INFINEON - Soft Recovery Diode
			", 75A, 600V
477,IRGPS46160DPBF,"INFINEON - IGBT Single Transistor, 240 A, 1.7 V, 750 W, 600 V, TO-274AA, 3 Pins
			", 240A, 600V
478,FGA60N60UFDTU,"ON SEMICONDUCTOR - IGBT Single Transistor, General Purpose, 120 A, 600 V, 298 W, 600 V, TO-3PN, 3 Pins
			", 120A, 600V
479,IXDR30N120D1,"IXYS SEMICONDUCTOR - IGBT Single Transistor, Isolated, 50 A, 2.4 V, 200 W, 1.2 kV, TO-247AD, 3 Pins
			", 50A, 1.2kV
480,IKW15N120T2FKSA1,"INFINEON - IGBT Single Transistor, 30 A, 1.7 V, 235 W, 1.2 kV, TO-247, 3 Pins
			", 30A, 1.2kV
481,RGTH50TS65GC11,"ROHM - IGBT Single Transistor, Field Stop Trench, 50 A, 1.6 V, 174 W, 650 V, TO-247N, 3 Pins
			", 50A, 650V
482,SGL50N60RUFDTU,"ON SEMICONDUCTOR - SINGLE IGBT, 600V, 80A
			", 80A, 600V
483,IXA4IF1200TC,"IXYS SEMICONDUCTOR - IGBT Single Transistor, 9 A, 1.8 V, 45 W, 1.2 kV, TO-268AA, 3 Pins
			", 9A, 1.2kV
484,STGW39NC60VD,"STMICROELECTRONICS - IGBT Single Transistor, 80 A, 2.5 V, 250 W, 600 V, TO-247, 3 Pins
			", 80A, 600V
485,FGH75T65SQDT-F155,"ON SEMICONDUCTOR - IGBT Single Transistor, Field Stop Trench, 150 A, 1.6 V, 375 W, 650 V, TO-247, 3 Pins
			", 150A, 650V
486,FGH80N60FDTU,"ON SEMICONDUCTOR - IGBT Single Transistor, General Purpose, 80 A, 600 V, 290 W, 600 V, TO-247AB, 3 Pins
			", 80A, 600V
487,IRGP50B60PDPBF,"INFINEON - IGBT Single Transistor, N-CH, 75 A, 3.2 V, 370 W, 600 V, TO-247AC, 3 Pins
			", 75A, 600V
488,IXGH72N60B3,"IXYS SEMICONDUCTOR - IGBT Single Transistor, B3-Class, 75 A, 1.51 V, 540 W, 600 V, TO-247AD, 3 Pins
			", 75A, 600V
489,IRGB4630DPBF,"INTERNATIONAL RECTIFIER - TRANSISTOR, BIPOLAR, N CHANNEL, 600V, TO-220AB
			", 47A, 600V
490,IXA12IF1200HB,"IXYS SEMICONDUCTOR - IGBT Single Transistor, 20 A, 2.1 V, 85 W, 1.2 kV, TO-247AD, 3 Pins
			", 20A, 1.2kV
491,IRG4PC30FDPBF,"INFINEON - IGBT Single Transistor, Fast CoPACK, N-CH, 31 A, 1.99 V, 100 W, 600 V, TO-247AC, 3 Pins
			", 31A, 600V
492,IXA55I1200HJ,"IXYS SEMICONDUCTOR - IGBT Single Transistor, 84 A, 2.1 V, 290 W, 1.2 kV, TO-247AD, 3 Pins
			", 84A, 1.2kV
493,IXGR32N170H1,"IXYS SEMICONDUCTOR - IGBT Single Transistor, Isolated, 26 A, 3.5 V, 200 W, 1.7 kV, TO-247AD, 3 Pins
			", 26A, 1.7kV
494,STGW35NB60SD,"STMICROELECTRONICS - IGBT Single Transistor, 70 A, 1.7 V, 200 W, 600 V, TO-247, 3 Pins
			", 70A, 600V
495,FGW50N60VD,"FUJI ELECTRIC - IGBT Single Transistor, 85 A, 1.6 V, 360 W, 600 V, TO-247, 3 Pins
			", 85A, 600V
496,IKW75N65EH5XKSA1,"INFINEON - IGBT Single Transistor, 90 A, 1.65 V, 395 W, 650 V, TO-247, 3 Pins
			", 90A, 650V
497,SGL160N60UFDTU.,"ON SEMICONDUCTOR - IGBT Single Transistor, 160 A, 2.6 V, 250 W, 600 V, TO-264, 3 Pins
			", 160A, 600V
498,RGS00TS65DHRC11,"ROHM - IGBT Single Transistor, 88 A, 1.65 V, 326 W, 650 V, TO-247N, 3 Pins
			", 88A, 650V
499,MID200-12A4,"IXYS SEMICONDUCTOR - IGBT Single Transistor, 270 A, 2.2 V, 1.13 kW, 1.2 kV, Module, 7 Pins
			", 270A, 1.2kV
500,IRGP4086PBF,"INFINEON - IGBT Single Transistor, N-CH, 70 A, 2.57 V, 160 W, 300 V, TO-247AC, 3 Pins
			", 70A, 300V
501,IKW30N60H3FKSA1,"INFINEON - IGBT Single Transistor, 30 A, 2.4 V, 187 W, 600 V, TO-247, 3 Pins
			", 30A, 600V
502,IRG4PC50SPBF,"INFINEON - IGBT Single Transistor, 70 A, 1.62 V, 200 W, 600 V, TO-247AC, 3 Pins
			", 70A, 600V
503,IRGP50B60PD1PBF,"INFINEON - IGBT Single Transistor, 75 A, 2.35 V, 390 W, 600 V, TO-247AC, 3 Pins
			", 75A, 600V
504,IRGB4064DPBF.,"INFINEON - SINGLE IGBT, 600V, 20A
			", 20A, 600V
505,HGTP7N60C3D...,"ON SEMICONDUCTOR - SINGLE IGBT, 600V, 14A
			", 14A, 600V
506,STGP7NC60HD,"STMICROELECTRONICS - IGBT Single Transistor, 25 A, 2.5 V, 80 W, 600 V, TO-220, 3 Pins
			", 25A, 600V
507,TIG056BF-1E,"ON SEMICONDUCTOR - IGBT Single Transistor, 240 A, 3.6 V, 30 W, 430 V, TO-220F, 3 Pins
			", 240A, 430V
508,MII100-12A3,"IXYS SEMICONDUCTOR - IGBT Single Transistor, 135 A, 2.2 V, 560 W, 1.2 kV, Module, 7 Pins
			", 135A, 1.2kV
509,IRGB14C40LPBF,"INFINEON - IGBT Single Transistor, 20 A, 1.75 V, 125 W, 430 V, TO-220AB, 3 Pins
			", 20A, 430V
510,NGTB40N120FL2WG,"ON SEMICONDUCTOR - IGBT Single Transistor, 80 A, 2 V, 535 W, 1.2 kV, TO-247, 3 Pins
			", 80A, 1.2kV
511,ISL9V3040P3,"ON SEMICONDUCTOR - IGBT Single Transistor, 21 A, 1.25 V, 150 W, 400 V, TO-220AB, 3 Pins
			", 21A, 400V
512,FGW30N60VD,"FUJI ELECTRIC - IGBT Single Transistor, 55 A, 1.6 V, 230 W, 600 V, TO-247, 3 Pins
			", 55A, 600V
513,IHW40N60RFFKSA1,"INFINEON - IGBT Single Transistor, 80 A, 1.85 V, 305 W, 600 V, TO-247, 3 Pins
			", 80A, 600V
514,IKW50N65H5FKSA1,"INFINEON - IGBT Single Transistor, 50 A, 1.65 V, 305 W, 650 V, TO-247, 3 Pins
			", 50A, 650V
515,IKW30N60DTPXKSA1,"INFINEON - IGBT Single Transistor, 53 A, 1.6 V, 200 W, 600 V, TO-247, 3 Pins
			", 53A, 600V
516,HGTG12N60A4D,"ON SEMICONDUCTOR - IGBT Single Transistor, 54 A, 2.7 V, 167 W, 600 V, TO-247, 3 Pins
			", 54A, 600V
517,STGE200NB60S,"STMICROELECTRONICS - IGBT Single Transistor, 200 A, 1.2 V, 600 W, 600 V, ISOTOP, 4 Pins
			", 200A, 600V
518,FGA15N120ANTDTU-F109,"ON SEMICONDUCTOR - IGBT Single Transistor, 30 A, 2.3 V, 186 W, 1.2 kV, TO-3P, 3 Pins
			", 30A, 1.2kV
519,NGTB40N120L3WG,"ON SEMICONDUCTOR - IGBT Single Transistor, 160 A, 1.55 V, 454 W, 1.2 kV, TO-247, 3 Pins
			", 160A, 1.2kV
520,IKW40N120T2FKSA1,"INFINEON - IGBT Single Transistor, 75 A, 1.75 V, 480 W, 1.2 kV, TO-247, 3 Pins
			", 75A, 1.2kV
521,FGL60N100BNTD,"ON SEMICONDUCTOR - IGBT Single Transistor, 60 A, 2.9 V, 180 W, 1 kV, TO-264, 3 Pins
			", 60A, 1kV
522,IRG4PH50SPBF,"INFINEON - IGBT Single Transistor, 57 A, 1.47 V, 200 W, 1.2 kV, TO-247AC, 3 Pins
			", 57A, 1.2kV
523,FGH60N60SMD,"ON SEMICONDUCTOR - IGBT Single Transistor, General Purpose, 120 A, 600 V, 600 W, 600 V, TO-247AB, 3 Pins
			", 120A, 600V
524,HGTG30N60A4D,"ON SEMICONDUCTOR - IGBT Single Transistor, 75 A, 2.6 V, 463 W, 600 V, TO-247, 3 Pins
			", 75A, 600V
525,IHW30N160R2FKSA1,"INFINEON - IGBT Single Transistor, 30 A, 2.1 V, 312 W, 1.6 kV, TO-247, 3 Pins
			", 30A, 1.6kV
526,FGW35N60HD,"FUJI ELECTRIC - IGBT Single Transistor, 64 A, 1.5 V, 230 W, 600 V, TO-247, 3 Pins
			", 64A, 600V
527,RJH60F6DPQ-A0#T0,"RENESAS - IGBT Single Transistor, 85 A, 1.35 V, 297.6 W, 600 V, TO-247, 3 Pins
			", 85A, 600V
528,GT10J303,"TOSHIBA - IGBT Single Transistor, 10 A, 2.7 V, 30 W, 600 V, TO-220NIS, 3 Pins
			", 10A, 600V
529,VS-50MT060WHTAPBF,"VISHAY - IGBT Single Transistor, 114 A, 2.3 V, 658 W, 600 V, MTP, 12 Pins
			", 114A, 600V
530,GT15J321,"TOSHIBA - IGBT Single Transistor, 15 A, 2.45 V, 30 W, 600 V, TO-220NIS, 3 Pins
			", 15A, 600V
531,ISL9V3040D3ST,"ON SEMICONDUCTOR - IGBT Single Transistor, 21 A, 1.9 V, 150 W, 400 V, TO-252AA, 3 Pins
			", 21A, 400V
532,IRG4BC10KDPBF,"INFINEON - IGBT Single Transistor, 9 A, 2.39 V, 38 W, 600 V, TO-220AB, 3 Pins
			", 9A, 600V
533,IKP15N65F5XKSA1,"INFINEON - IGBT Single Transistor, 15 A, 1.6 V, 105 W, 650 V, TO-220, 3 Pins
			", 15A, 650V
534,STGW35NC60WD,"STMICROELECTRONICS - IGBT Single Transistor, 70 A, 2.5 V, 250 W, 600 V, TO-247, 3 Pins
			", 70A, 600V
535,STGB10NC60KDT4,"STMICROELECTRONICS - IGBT Single Transistor, 10 A, 2.5 V, 60 W, 600 V, TO-263, 3 Pins
			", 10A, 600V
536,STGB10NC60KDT4,"STMICROELECTRONICS - IGBT Single Transistor, 10 A, 2.5 V, 60 W, 600 V, TO-263, 3 Pins
			", 10A, 600V
537,IXGR60N60B2,"IXYS SEMICONDUCTOR - IGBT Single Transistor, Isolated, 75 A, 2 V, 250 W, 600 V, TO-247AD, 3 Pins
			", 75A, 600V
538,IRG4BC20MD-SPBF,"INFINEON - IGBT Single Transistor, 18 A, 2.1 V, 60 W, 600 V, TO-263, 3 Pins
			", 18A, 600V
539,STGB10NC60HDT4,"STMICROELECTRONICS - IGBT Single Transistor, 10 A, 2.5 V, 65 W, 600 V, TO-263, 3 Pins
			", 10A, 600V
540,STGP19NC60WD,"STMICROELECTRONICS - IGBT Single Transistor, 40 A, 2.5 V, 125 W, 600 V, TO-220, 3 Pins
			", 40A, 600V
541,IRG4PH50KPBF,"INFINEON - IGBT Single Transistor, 45 A, 3.28 V, 200 W, 1.2 kV, TO-247AC, 3 Pins
			", 45A, 1.2kV
542,IKP04N60T,"INFINEON - IGBT Single Transistor, 8 A, 2.05 V, 42 W, 600 V, TO-220, 3 Pins
			", 8A, 600V
543,IRG4PC30SPBF,"INFINEON - IGBT Single Transistor, 34 A, 1.6 V, 100 W, 600 V, TO-247AC, 3 Pins
			", 34A, 600V
544,FGB20N60SF,"ON SEMICONDUCTOR - IGBT Single Transistor, General Purpose, 20 A, 600 V, 208 W, 600 V, TO-263, 3 Pins
			", 20A, 600V
545,IRG4BC10SPBF,"INFINEON - IGBT Single Transistor, 14 A, 1.58 V, 38 W, 600 V, TO-220AB, 3 Pins
			", 14A, 600V
546,IRG4BC30WPBF,"INFINEON - IGBT Single Transistor, 23 A, 2.7 V, 100 W, 600 V, TO-220AB, 3 Pins
			", 23A, 600V
547,STGP30NC60W,"STMICROELECTRONICS - IGBT Single Transistor, 30 A, 2.5 V, 200 W, 600 V, TO-220, 3 Pins
			", 30A, 600V
548,IKW15T120,"INFINEON - IGBT Single Transistor, General Purpose, 30 A, 2.2 V, 110 W, 1.2 kV, TO-247, 3 Pins
			", 30A, 1.2kV
549,STGB14NC60KT4,"STMICROELECTRONICS - IGBT Single Transistor, 25 A, 2.5 V, 80 W, TO-263, 3 Pins
			", 25A, -
550,IKA03N120H2,"INFINEON - IGBT Single Transistor, 8.2 A, 2.8 V, 29 W, 1.2 kV, TO-220, 3 Pins
			", 8.2A, 1.2kV
551,IXYH50N65C3D1,"IXYS SEMICONDUCTOR - IGBT Single Transistor, 50 A, 2.1 V, 600 W, 650 V, TO-247, 3 Pins
			", 50A, 650V
552,IXGH48N60B3C1,"IXYS SEMICONDUCTOR - Silicon Carbide IGBT Single Transistor, 75 A, 1.8 V, 300 W, 600 V, TO-247, 3 Pins
			", 75A, 600V
553,IRG7PH35UDPBF,"INFINEON - IGBT Single Transistor, 50 A, 1.9 V, 180 W, 1.2 kV, TO-247AC, 3 Pins
			", 50A, 1.2kV
554,IRG4BC30U-SPBF,"INFINEON - IGBT Single Transistor, 23 A, 2.1 V, 100 W, 600 V, TO-263, 3 Pins
			", 23A, 600V
555,FGH80N60FD2TU,"ON SEMICONDUCTOR - IGBT Single Transistor, General Purpose, 80 A, 600 V, 290 W, 600 V, TO-247AD, 3 Pins
			", 80A, 600V
556,IRG4PH40KPBF,"INFINEON - IGBT Single Transistor, 30 A, 2.74 V, 160 W, 1.2 kV, TO-247AC, 3 Pins
			", 30A, 1.2kV
557,STGB10NB60ST4,"STMICROELECTRONICS - IGBT Single Transistor, 29 A, 1.7 V, 80 W, TO-263, 3 Pins
			", 29A, -
558,IKP01N120H2,"INFINEON - IGBT Single Transistor, 3.2 A, 2.8 V, 28 W, 1.2 kV, TO-220, 3 Pins
			", 3.2A, 1.2kV
559,IGB10N60TATMA1,"INFINEON - IGBT Single Transistor, 10 A, 2.05 V, 110 W, 600 V, TO-263, 3 Pins
			", 10A, 600V
560,IRGS4610DPBF,"INFINEON - IGBT Single Transistor, 16 A, 1.7 V, 77 W, 600 V, TO-263, 3 Pins
			", 16A, 600V
561,IRG4BC20KD-SPBF,"INFINEON - IGBT Single Transistor, 16 A, 2.8 V, 60 W, 600 V, TO-263, 3 Pins
			", 16A, 600V
562,STGF10NC60HD,"STMICROELECTRONICS - IGBT Single Transistor, 9 A, 2.5 V, 25 W, 600 V, TO-220FP, 3 Pins
			", 9A, 600V
563,IRG4PSH71UDPBF,"INFINEON - IGBT Single Transistor, 99 A, 2.7 V, 350 W, 1.2 kV, TO-274AA, 3 Pins
			", 99A, 1.2kV
564,IRG4PH50KPBF.,"INFINEON - IGBT Single Transistor, 45 A, 2.77 V, 200 W, 1.2 kV, TO-247, 3 Pins
			", 45A, 1.2kV
565,IRGB4610DPBF.,"INFINEON - TRANSISTOR, BIPOLAR, N CHANNEL, 600V, TO-220AB
			", 16A, 600V
566,IRG7PH42UPBF.,"INFINEON - SINGLE IGBT, 1.2KV
			", 90A, 1.2kV
567,IXGC16N60C2D1,"IXYS SEMICONDUCTOR - IGBT Single Transistor, 20 A, 3 V, 63 W, ISOPLUS-220, 3 Pins
			", 20A, -
568,IRG4PC30U,"INFINEON - IGBT Single Transistor, 23 A, 2.5 V, 100 W, 600 V, TO-247, 3 Pins
			", 23A, 600V
569,IXSR35N120BD1,"IXYS SEMICONDUCTOR - IGBT Single Transistor, 70 A, 3.6 V, 250 W, 1.2 kV, ISOPLUS-247, 3 Pins
			", 70A, 1.2kV
570,IRGIB6B60KDPBF,"INFINEON - IGBT Single Transistor, 11 A, 2.2 V, 32 W, 600 V, TO-220FP, 3 Pins
			", 11A, 600V
571,IRG4IBC10UDPBF,"INFINEON - IGBT Single Transistor, 6.8 A, 2.15 V, 25 W, 600 V, TO-220FP, 3 Pins
			", 6.8A, 600V
572,STGF19NC60WD,"STMICROELECTRONICS - IGBT Single Transistor, 14 A, 2.5 V, 32 W, 600 V, TO-220FP, 3 Pins
			", 14A, 600V
573,IRGPS40B120UDP.,"INFINEON - SINGLE IGBT, 1.2KV, 80A
			", 80A, 1.2kV
574,IRG4RC10KDTRPBF,"INFINEON - IGBT Single Transistor, 9 A, 2.39 V, 38 W, 600 V, TO-252AA, 3 Pins
			", 9A, 600V
575,IXGR120N60C2,"IXYS SEMICONDUCTOR - IGBT Single Transistor, 75 A, 2.7 V, 300 W, ISOPLUS-247, 3 Pins
			", 75A, -
576,STGF19NC60HD,"STMICROELECTRONICS - IGBT Single Transistor, 16 A, 2.5 V, 35 W, 600 V, TO-220FP, 3 Pins
			", 16A, 600V
577,IRG4RC10KPBF,"INFINEON - IGBT Single Transistor, 9 A, 2.62 V, 38 W, 600 V, TO-252, 3 Pins
			", 9A, 600V
578,IRGB4064DPBF,"INFINEON - IGBT Single Transistor, 20 A, 1.6 V, 101 W, 600 V, TO-220, 3 Pins
			", 20A, 600V
579,IRGB4045DPBF,"INFINEON - IGBT Single Transistor, 12 A, 1.7 V, 77 W, 600 V, TO-220, 3 Pins
			", 12A, 600V
580,FGA20S120M,"ON SEMICONDUCTOR - IGBT Single Transistor, General Purpose, 40 A, 1200 V, 348 W, 1.2 kV, TO-3PN, 3 Pins
			", 40A, 1.2kV
581,IRG4BC20KD-STRLP,"INFINEON - IGBT Single Transistor, 16 A, 2.27 V, 60 W, 600 V, TO-263, 3 Pins
			", 16A, 600V
582,ISL9V3040D3ST,"ON SEMICONDUCTOR - IGBT Single Transistor, 21 A, 1.9 V, 150 W, 400 V, TO-252AA, 3 Pins
			", 21A, 400V
583,IGW03N120H2,"INFINEON - IGBT Single Transistor, 9.6 A, 2.8 V, 62.5 W, 1.2 kV, TO-247, 3 Pins
			", 9.6A, 1.2kV
584,IRG7PH42UDPBF,"INFINEON - IGBT Single Transistor, 85 A, 1.7 V, 320 W, 1.2 kV, TO-247AC, 3 Pins
			", 85A, 1.2kV
585,STGB14NC60KDT4,"STMICROELECTRONICS - IGBT Single Transistor, 25 A, 2.5 V, 80 W, TO-263, 3 Pins
			", 25A, -
586,IRGB6B60KDPBF,"INFINEON - IGBT Single Transistor, 13 A, 1.8 V, 90 W, 600 V, TO-220AB, 3 Pins
			", 13A, 600V
587,IRG4BC30W,"INFINEON - IGBT Single Transistor, 23 A, 2.7 V, 100 W, 600 V, TO-220, 3 Pins
			", 23A, 600V
588,STGY50NC60WD,"STMICROELECTRONICS - IGBT Single Transistor, 110 A, 2.5 V, 260 W, 600 V, MAX-247, 3 Pins
			", 110A, 600V
589,FGA90N30DTU,"ON SEMICONDUCTOR - IGBT Single Transistor, 90 A, 1.4 V, 219 W, 300 V, TO-3P, 3 Pins
			", 90A, 300V
590,IRGB10B60KDPBF,"INFINEON - IGBT Single Transistor, 22 A, 2.2 V, 104 W, 600 V, TO-220AB, 3 Pins
			", 22A, 600V
591,STGP19NC60HD,"STMICROELECTRONICS - IGBT Single Transistor, 40 A, 2.5 V, 130 W, 600 V, TO-220, 3 Pins
			", 40A, 600V
592,IRGP6650DPBF,"INFINEON - IGBT Single Transistor, 80 A, 1.65 V, 306 W, 600 V, TO-247AC, 3 Pins
			", 80A, 600V
593,STGF7NB60SL,"STMICROELECTRONICS - IGBT Single Transistor, 15 A, 1.6 V, 25 W, 600 V, TO-220FP, 3 Pins
			", 15A, 600V
594,FGH20N60UFDTU,"ON SEMICONDUCTOR - IGBT Single Transistor, General Purpose, 40 A, 600 V, 165 W, 600 V, TO-247AB, 3 Pins
			", 40A, 600V
595,IKW20N60H3FKSA1,"INFINEON - IGBT Single Transistor, 20 A, 2.4 V, 170 W, 600 V, TO-247, 3 Pins
			", 20A, 600V
596,RJH60F7DPQ-A0#T0,"RENESAS - IGBT Single Transistor, 90 A, 1.6 V, 328.9 W, 600 V, TO-247, 3 Pins
			", 90A, 600V
597,GT20J321,"TOSHIBA - IGBT Single Transistor, 20 A, 2.45 V, 45 W, 600 V, TO-220NIS, 3 Pins
			", 20A, 600V
598,HGTP20N60A4,"ON SEMICONDUCTOR - IGBT Single Transistor, 70 A, 2.7 V, 290 W, 600 V, TO-220AB, 3 Pins
			", 70A, 600V
599,IGB15N60TATMA1,"INFINEON - IGBT Single Transistor, 15 A, 2.05 V, 130 W, 600 V, TO-263, 3 Pins
			", 15A, 600V
600,STGY40NC60VD,"STMICROELECTRONICS - IGBT Single Transistor, 80 A, 2.5 V, 260 W, 600 V, MAX-247, 3 Pins
			", 80A, 600V
601,FGW75N60HD,"FUJI ELECTRIC - IGBT Single Transistor, 100 A, 1.5 V, 500 W, 600 V, TO-247, 3 Pins
			", 100A, 600V
602,SGL160N60UFDTU..,"ON SEMICONDUCTOR - TRANSISTOR TYPE:IGBT
			", 160A, 600V
603,FGW40N120HD,"FUJI ELECTRIC - IGBT Single Transistor, 70 A, 1.8 V, 340 W, 1.2 kV, TO-247, 3 Pins
			", 70A, 1.2kV
604,GT30J301,"TOSHIBA - IGBT Single Transistor, 30 A, 2.7 V, 155 W, 600 V, TO-3P, 3 Pins
			", 30A, 600V
605,IRGB5B120KDPBF,"INFINEON - SINGLE IGBT, 1.2KV, 12A
			", 12A, 1.2kV
606,IRG4PC60U-PPBF,"INFINEON - IGBT Single Transistor, 75 A, 2 V, 520 W, 600 V, TO-247AC, 3 Pins
			", 75A, 600V
607,IRG4PC40W,"INFINEON - IGBT Single Transistor, 40 A, 2.5 V, 160 W, 600 V, TO-247, 3 Pins
			", 40A, 600V
608,GT20J101,"TOSHIBA - IGBT Single Transistor, 20 A, 2.7 V, 130 W, 600 V, TO-3P, 3 Pins
			", 20A, 600V
609,GT50J102,"TOSHIBA - IGBT Single Transistor, 50 A, 2.7 V, 200 W, 600 V, TO-3P, 3 Pins
			", 50A, 600V
610,VS-GA200SA60SP,"VISHAY - IGBT Single Transistor, 200 A, 1.1 V, 630 W, 600 V, ISOTOP, 4 Pins
			", 200A, 600V
611,IRG7PH42UD1PBF,"INFINEON - IGBT Single Transistor, 85 A, 1.7 V, 313 W, 1.2 kV, TO-247AC, 3 Pins
			", 85A, 1.2kV
612,IKP03N120H2,"INFINEON - IGBT Single Transistor, 9.6 A, 2.8 V, 62.5 W, 1.2 kV, TO-220, 3 Pins
			", 9.6A, 1.2kV
613,IRG4PC30KPBF,"INFINEON - IGBT Single Transistor, 28 A, 2.7 V, 100 W, 600 V, TO-247AC, 3 Pins
			", 28A, 600V
614,IXGR40N60B2D1,"IXYS SEMICONDUCTOR - IGBT Single Transistor, Isolated, 60 A, 1.9 V, 167 W, 600 V, TO-247AD, 3 Pins
			", 60A, 600V
615,IRGS4B60KPBF,"INFINEON - IGBT Single Transistor, 12 A, 2.5 V, 63 W, 600 V, TO-263, 3 Pins
			", 12A, 600V
616,IXGR60N60B2D1,"IXYS SEMICONDUCTOR - IGBT Single Transistor, Isolated, 75 A, 2 V, 250 W, 600 V, TO-247AD, 3 Pins
			", 75A, 600V
617,FGA15N120ANTDTU,"ON SEMICONDUCTOR - IGBT Single Transistor, 30 A, 2.4 V, 186 W, 1.2 kV, TO-3P, 3 Pins
			", 30A, 1.2kV
618,HGT1S20N60A4S9A,"ON SEMICONDUCTOR - IGBT Single Transistor, 70 A, 2.7 V, 290 W, 600 V, TO-263, 3 Pins
			", 70A, 600V
619,STGD5NB120SZT4,"STMICROELECTRONICS - IGBT Single Transistor, 10 A, 1.2 kV, 75 W, 1.2 kV, TO-252, 3 Pins
			", 10A, 1.2kV
620,STGE50NC60VD,"STMICROELECTRONICS - IGBT Single Transistor, 90 A, 2.5 V, 260 W, 600 V, ISOTOP, 4 Pins
			", 90A, 600V
621,IRG4PSC71KPBF,"INFINEON - IGBT Single Transistor, 85 A, 2.3 V, 350 W, 600 V, TO-274AA, 3 Pins
			", 85A, 600V
622,IRGS4056DPBF,"INFINEON - IGBT Single Transistor, 24 A, 1.55 V, 140 W, 600 V, TO-263, 2 Pins
			", 24A, 600V
623,IRGPS4067DPBF,"INFINEON - IGBT Single Transistor, N-CH, 240 A, 1.7 V, 750 W, 600 V, TO-274AA, 3 Pins
			", 240A, 600V
624,IRGP20B120UD-EP,"INFINEON - IGBT Single Transistor, 40 A, 4.23 V, 300 W, 1.2 kV, TO-247AD, 3 Pins
			", 40A, 1.2kV
625,IRG4PSH71KPBF,"INFINEON - IGBT Single Transistor, 78 A, 3.9 V, 350 W, 1.2 kV, TO-274AA, 3 Pins
			", 78A, 1.2kV
626,NGTB15N120IHLWG,"ON SEMICONDUCTOR - IGBT Single Transistor, 30 A, 1.8 V, 156 W, 1.2 kV, TO-247, 3 Pins
			", 30A, 1.2kV
627,IRGP20B120U-EP,"INFINEON - IGBT Single Transistor, 40 A, 3.2 V, 300 W, 1.2 kV, TO-247AD, 3 Pins
			", 40A, 1.2kV
628,IXGR60N60C2,"IXYS SEMICONDUCTOR - IGBT Single Transistor, 75 A, 2.7 V, 250 W, 600 V, TO-247AD, 3 Pins
			", 75A, 600V
629,STGW40NC60V,"STMICROELECTRONICS - IGBT Single Transistor, 80 A, 2.5 V, 260 W, 600 V, TO-247, 3 Pins
			", 80A, 600V
630,IRG4BC30FD1PBF,"INFINEON - IGBT Single Transistor, 31 A, 1.8 V, 100 W, 600 V, TO-220AB, 3 Pins
			", 31A, 600V
631,NGTB40N60IHLWG,"ON SEMICONDUCTOR - IGBT Single Transistor, 80 A, 2 V, 250 W, 600 V, TO-247, 3 Pins
			", 80A, 600V
632,SKW07N120FKSA1,"INFINEON - IGBT Single Transistor, 16.5 A, 3.1 V, 125 W, 1.2 kV, TO-247, 3 Pins
			", 16.5A, 1.2kV
633,IXER35N120D1,"IXYS SEMICONDUCTOR - IGBT Single Transistor, 50 A, 2.2 V, 200 W, 1.2 kV, ISOPLUS-247, 3 Pins
			", 50A, 1.2kV
634,IRG4BC10SD-SPBF,"INFINEON - IGBT Single Transistor, 14 A, 1.58 V, 38 W, 600 V, TO-263, 3 Pins
			", 14A, 600V
635,STGB3NB60SDT4,"STMICROELECTRONICS - IGBT Single Transistor, 6 A, 1.5 V, 70 W, 600 V, TO-263, 3 Pins
			", 6A, 600V
636,IXGR50N60B2D1,"IXYS SEMICONDUCTOR - IGBT Single Transistor, Isolated, 68 A, 2.2 V, 200 W, 600 V, TO-247AD, 3 Pins
			", 68A, 600V
637,NGTB25N120LWG,"ON SEMICONDUCTOR - IGBT Single Transistor, 50 A, 1.85 V, 192 W, 1.2 kV, TO-247, 3 Pins
			", 50A, 1.2kV
638,IXGR40N60B2,"IXYS SEMICONDUCTOR - IGBT Single Transistor, Isolated, 60 A, 1.9 V, 167 W, 600 V, TO-247AD, 3 Pins
			", 60A, 600V
639,IRGS4B60KD1PBF,"INFINEON - IGBT Single Transistor, 11 A, 2.5 V, 63 W, 600 V, TO-263, 3 Pins
			", 11A, 600V
640,IRGB4061DPBF,"INFINEON - IGBT Single Transistor, 36 A, 1.65 V, 206 W, 600 V, TO-220, 3 Pins
			", 36A, 600V
641,NGTB20N120IHLWG,"ON SEMICONDUCTOR - IGBT Single Transistor, 40 A, 1.8 V, 192 W, 1.2 kV, TO-247, 3 Pins
			", 40A, 1.2kV
642,IXGR32N170AH1,"IXYS SEMICONDUCTOR - IGBT Single Transistor, 26 A, 5.2 V, 200 W, 1.7 kV, ISOPLUS-247, 3 Pins
			", 26A, 1.7kV
643,IRG4IBC30SPBF,"INFINEON - IGBT Single Transistor, 23.5 A, 1.6 V, 45 W, 600 V, TO-220FP, 3 Pins
			", 23.5A, 600V
644,SGP30N60,"INFINEON - IGBT Single Transistor, 41 A, 2.1 V, 250 W, 600 V, TO-220AB, 3 Pins
			", 41A, 600V
645,IRGS30B60KPBF,"INFINEON - IGBT Single Transistor, 78 A, 2.95 V, 370 W, 600 V, TO-263, 3 Pins
			", 78A, 600V
646,FGPF7N60RUFDTU,"ON SEMICONDUCTOR - IGBT Single Transistor, 14 A, 2.8 V, 41 W, 600 V, TO-220F, 3 Pins
			", 14A, 600V
647,IRGP4750DPBF,"INFINEON - IGBT Single Transistor, N-CH, 70 A, 1.7 V, 273 W, 650 V, TO-247AC, 3 Pins
			", 70A, 650V
648,IXGR35N120B,"IXYS SEMICONDUCTOR - IGBT Single Transistor, 70 A, 3.3 V, 200 W, 1.2 kV, TO-247AD, 3 Pins
			", 70A, 1.2kV
649,IRG4BC30W-SPBF,"INFINEON - IGBT Single Transistor, 23 A, 2.7 V, 100 W, 600 V, TO-263, 3 Pins
			", 23A, 600V
650,NGTB30N120IHSWG,"ON SEMICONDUCTOR - IGBT Single Transistor, 60 A, 2 V, 192 W, 1.2 kV, TO-247, 3 Pins
			", 60A, 1.2kV
651,NGTB40N120IHLWG,"ON SEMICONDUCTOR - IGBT Single Transistor, 80 A, 1.9 V, 260 W, 1.2 kV, TO-247, 3 Pins
			", 80A, 1.2kV
652,IRG4BH20K-LPBF,"INFINEON - SINGLE IGBT, 1.2KV, 11A, TO-262
			", 11A, 1.2kV
653,FGH30N6S2D,"ON SEMICONDUCTOR - IGBT Single Transistor, 28 A, 2.5 V, 167 W, 600 V, TO-247, 3 Pins
			", 28A, 600V
654,IRG7PK35UD1PBF,"INFINEON - TRANSISTOR, BIPOLAR, N CHANNEL, 1.4KV, T
			", 40A, 1.4kV
655,FGA40N60UFD,"ON SEMICONDUCTOR - IGBT Single Transistor, 40 A, 3 V, 160 W, 600 V, TO-3P, 3 Pins
			", 40A, 600V
656,IRG7PH42UD1-EP,"INFINEON - TRANSISTOR, BIPOLAR, N CHANNEL, 1.2KV, T
			", 85A, 1.2kV
657,IXER60N120,"IXYS SEMICONDUCTOR - IGBT Single Transistor, 95 A, 2.1 V, 375 W, 1.2 kV, ISOPLUS-247, 3 Pins
			", 95A, 1.2kV
658,IRG7PH35U-EP,"INFINEON - TRANSISTOR, BIPOLAR, N CHANNEL, 1.2KV, T
			", 55A, 1.2kV
659,GT30J324,"TOSHIBA - IGBT Single Transistor, 30 A, 2.45 V, 170 W, 600 V, TO-3P, 3 Pins
			", 30A, 600V
660,STGP7NC60H,"STMICROELECTRONICS - IGBT Single Transistor, 25 A, 2.5 V, 80 W, 600 V, TO-220, 3 Pins
			", 25A, 600V
661,SGW30N60FKSA1,"INFINEON - IGBT Single Transistor, 41 A, 2.4 V, 250 W, 600 V, TO-247AC, 3 Pins
			", 41A, 600V
662,STGP10NC60HD,"STMICROELECTRONICS - IGBT Single Transistor, 20 A, 2.5 V, 65 W, 600 V, TO-220, 3 Pins
			", 20A, 600V
663,IRG4PC50KPBF,"INFINEON - IGBT Single Transistor, 52 A, 1.84 V, 200 W, 600 V, TO-247AC, 3 Pins
			", 52A, 600V
664,SGH80N60UFDTU,"ON SEMICONDUCTOR - IGBT Single Transistor, 80 A, 2.6 V, 195 W, 600 V, TO-3P, 3 Pins
			", 80A, 600V
665,IXGR40N60C2,"IXYS SEMICONDUCTOR - IGBT Single Transistor, Isolated, 56 A, 2.7 V, 170 W, 600 V, TO-247AD, 3 Pins
			", 56A, 600V
666,IRGSL10B60KDPBF,"INFINEON - IGBT Single Transistor, N-CH, 35 A, 2.2 V, 156 W, 600 V, TO-262, 3 Pins
			", 35A, 600V
667,STGW40NC60WD,"STMICROELECTRONICS - IGBT Single Transistor, 70 A, 2.5 V, 250 W, 600 V, TO-247, 3 Pins
			", 70A, 600V
668,SKW20N60FKSA1,"INFINEON - IGBT Single Transistor, 40 A, 2.4 V, 179 W, 600 V, TO-247, 3 Pins
			", 40A, 600V
669,FGPF30N30DTU,"ON SEMICONDUCTOR - IGBT Single Transistor, 30 A, 1.8 V, 46 W, 300 V, TO-220F, 3 Pins
			", 30A, 300V
670,STGD5NB120SZT4,"STMICROELECTRONICS - IGBT Single Transistor, 10 A, 1.2 kV, 75 W, 1.2 kV, TO-252, 3 Pins
			", 10A, 1.2kV
671,HGTG20N60C3D,"ON SEMICONDUCTOR - IGBT Single Transistor, 45 A, 1.8 V, 164 W, 600 V, TO-247, 3 Pins
			", 45A, 600V
672,STGE50NC60WD,"STMICROELECTRONICS - IGBT Single Transistor, 100 A, 2.5 V, 260 W, 600 V, ISOTOP, 4 Pins
			", 100A, 600V
673,IGB03N120H2ATMA1,"INFINEON - IGBT Single Transistor, 3 A, 2.8 V, 62.5 W, 1.2 kV, TO-263, 3 Pins
			", 3A, 1.2kV
674,IXGR60N60C2D1,"IXYS SEMICONDUCTOR - IGBT Single Transistor, Isolated, 75 A, 2.7 V, 250 W, 600 V, TO-247AD, 3 Pins
			", 75A, 600V
